,REF_DATE,HPI_atlantic,HPI_nfland_labrador,HPI_charlottetown_pei,HPI_halifax_ns,HPI_stjohn_fredericton_moncton,HPI_quebec_qc,HPI_sherbrooke_qc,HPI_troisriv_qc,HPI_mtl_qc,HPI_ottawa_gatineau_qc,HPI_ottawa_gatineau_ont,HPI_oshawa_ont,HPI_toronto_ont,HPI_hamilton_ont,HPI_guelph_ont,HPI_london_ont,HPI_windsor_ont,HPI_sudbury_ont,HPI_prairie_region,HPI_winnipeg_manitoba,HPI_edmonton_alb,HPI_calgary_alb,HPI_victoria_bc,HPI_vancouver_bc,HPI_kelowna_bc
0,1981-01,,37.5,,,61.4,34.9,,,30.0,,30.8,,22.6,24.8,,27.0,64.9,54.6,,29.3,36.5,27.8,206.8,96.1,
1,1981-02,,37.5,,,62.1,35.4,,,30.2,,30.8,,23.2,24.9,,27.5,64.9,55.6,,29.7,36.8,28.1,209.1,97.5,
2,1981-03,,37.5,,,62.1,35.4,,,30.5,,31.9,,24.8,25.3,,28.2,64.1,55.6,,30.3,36.8,28.6,210.6,97.5,
3,1981-04,,37.5,,,62.1,35.7,,,30.8,,32.0,,26.5,25.6,,28.6,63.9,57.0,,30.5,36.9,30.1,210.6,97.7,
4,1981-05,,37.7,,,63.3,36.1,,,31.1,,32.7,,27.7,26.4,,28.6,63.9,57.0,,31.1,38.2,30.1,212.4,97.7,
5,1981-06,,37.7,,,63.3,36.1,,,31.5,,33.5,,27.7,26.6,,29.1,63.9,57.2,,31.8,38.4,30.6,210.6,98.2,
6,1981-07,,37.7,,,63.6,36.2,,,31.7,,33.5,,27.7,26.6,,29.7,63.9,57.2,,32.0,38.4,30.6,206.2,97.7,
7,1981-08,,37.8,,,64.6,36.6,,,31.7,,33.9,,28.0,26.7,,29.7,63.9,57.5,,32.9,38.8,30.7,206.2,89.8,
8,1981-09,,37.8,,,64.6,36.6,,,32.1,,33.9,,28.1,26.7,,29.7,60.8,57.5,,32.9,38.8,30.7,200.8,89.3,
9,1981-10,,37.8,,,62.7,36.6,,,32.4,,33.9,,28.1,26.7,,29.7,60.8,57.5,,32.9,38.8,30.8,200.6,85.2,
10,1981-11,,38.5,,,62.7,36.8,,,32.7,,35.2,,28.1,26.7,,29.7,60.8,58.6,,32.9,39.1,31.0,198.5,81.1,
11,1981-12,,38.5,,,62.7,36.8,,,33.1,,35.2,,28.1,26.7,,29.7,60.8,58.6,,33.6,39.1,31.1,204.2,80.2,
12,1982-01,,38.0,,,62.7,37.3,,,33.6,,36.0,,28.2,26.7,,29.7,60.8,58.6,,33.6,39.3,31.3,204.2,79.6,
13,1982-02,,38.0,,,62.2,37.8,,,33.5,,36.2,,28.0,27.0,,29.7,60.8,59.1,,33.6,39.7,31.6,193.1,78.0,
14,1982-03,,38.0,,,62.1,37.8,,,33.5,,36.1,,28.0,27.0,,29.7,60.8,59.4,,33.8,39.3,31.7,184.9,73.2,
15,1982-04,,37.3,,,62.1,37.9,,,33.5,,36.3,,28.0,27.0,,29.7,60.8,58.4,,33.9,38.8,31.7,180.1,72.6,
16,1982-05,,37.3,,,62.1,38.0,,,33.5,,36.3,,27.9,27.0,,29.7,58.7,58.9,,33.9,36.9,31.6,181.6,70.7,
17,1982-06,,37.3,,,62.1,38.1,,,33.5,,36.3,,27.9,28.6,,29.7,58.2,58.9,,33.9,36.6,31.1,179.9,70.1,
18,1982-07,,37.3,,,61.4,38.1,,,33.8,,36.3,,27.9,28.6,,29.7,58.2,58.9,,33.9,36.5,30.9,181.1,70.9,
19,1982-08,,37.3,,,61.4,38.5,,,33.9,,36.3,,27.2,28.6,,29.7,58.2,58.4,,34.2,36.2,30.6,182.7,71.9,
20,1982-09,,37.3,,,61.4,38.9,,,34.0,,36.3,,27.1,29.2,,29.7,58.2,59.5,,34.2,36.0,28.7,186.7,73.1,
21,1982-10,,37.3,,,60.8,38.9,,,34.3,,37.0,,26.6,29.6,,29.4,55.9,59.5,,34.0,35.7,28.3,186.7,73.5,
22,1982-11,,37.3,,,60.8,39.0,,,34.0,,37.2,,26.7,29.6,,29.4,56.4,59.5,,34.0,35.2,28.1,185.3,74.1,
23,1982-12,,37.3,,,60.8,39.1,,,34.0,,37.3,,26.4,29.7,,29.5,57.3,59.5,,33.6,35.1,28.0,184.5,73.6,
24,1983-01,,37.3,,,60.8,39.5,,,34.1,,37.3,,26.5,29.7,,29.5,57.3,59.5,,33.6,36.4,27.2,185.5,74.4,
25,1983-02,,37.3,,,60.8,39.8,,,33.8,,37.8,,26.3,29.7,,29.5,57.3,59.5,,33.6,35.7,27.4,185.5,75.8,
26,1983-03,,37.3,,,60.8,39.8,,,33.6,,38.2,,26.2,29.7,,29.6,57.3,59.5,,33.6,35.7,27.0,183.2,75.5,
27,1983-04,,37.3,,,62.2,40.1,,,33.8,,38.8,,26.1,29.7,,29.3,57.5,59.5,,33.8,35.6,26.1,183.2,75.8,
28,1983-05,,37.3,,,62.2,40.8,,,34.3,,38.8,,26.0,29.7,,29.8,58.6,60.8,,33.7,35.4,25.0,183.2,75.8,
29,1983-06,,36.8,,,62.6,41.2,,,34.5,,38.8,,26.2,29.7,,30.0,58.6,60.8,,33.7,35.4,24.9,186.5,75.8,
30,1983-07,,36.8,,,63.6,41.4,,,34.8,,38.8,,26.1,29.7,,30.5,58.6,60.8,,34.3,35.3,24.9,187.3,76.1,
31,1983-08,,38.2,,,64.6,42.0,,,35.4,,40.0,,26.2,29.9,,30.5,58.6,60.9,,34.3,35.6,24.8,187.3,76.0,
32,1983-09,,38.2,,,64.9,42.0,,,35.6,,40.1,,26.1,30.1,,30.6,60.0,60.9,,34.6,35.6,24.5,189.1,76.0,
33,1983-10,,38.2,,,64.9,42.1,,,35.6,,41.2,,26.1,30.3,,30.6,60.2,61.3,,34.6,35.6,24.2,187.8,76.1,
34,1983-11,,38.2,,,65.0,42.2,,,35.9,,41.7,,26.1,30.3,,30.5,62.5,61.3,,34.6,35.9,24.0,187.8,76.1,
35,1983-12,,38.1,,,66.0,42.2,,,36.0,,41.8,,26.1,30.4,,30.5,62.5,62.2,,34.6,36.0,23.3,185.8,76.1,
36,1984-01,,38.1,,,66.0,42.2,,,36.1,,41.9,,26.1,31.3,,30.6,63.2,62.8,,34.6,35.2,23.1,185.2,76.2,
37,1984-02,,38.0,,,68.3,42.5,,,36.6,,42.9,,26.0,31.3,,31.5,63.4,65.7,,34.8,35.1,23.2,185.3,76.4,
38,1984-03,,38.1,,,69.2,42.5,,,36.7,,43.0,,26.2,31.5,,31.7,63.4,63.7,,35.1,34.9,23.2,187.6,76.8,
39,1984-04,,38.1,,,69.2,42.6,,,36.7,,44.0,,26.1,31.5,,32.0,63.8,63.9,,35.0,34.9,23.2,187.6,76.9,
40,1984-05,,38.3,,47.4,69.2,42.8,,,36.7,,44.1,,26.3,31.5,,32.0,63.8,63.9,,35.1,34.1,23.3,186.5,76.9,
41,1984-06,,38.9,,47.8,69.2,42.9,,,36.7,,43.9,,26.3,31.5,,32.0,64.1,63.9,,35.1,33.7,22.9,185.2,76.9,
42,1984-07,,38.9,,47.9,69.2,43.1,,,36.7,,43.3,,26.4,31.5,,32.1,64.1,63.9,,35.1,33.1,22.9,182.1,76.9,
43,1984-08,,38.9,,47.9,69.2,43.5,,,36.9,,43.4,,26.3,31.6,,32.1,64.1,63.9,,35.4,33.0,22.7,177.2,76.5,
44,1984-09,,38.9,,47.9,69.2,43.7,,,36.9,,42.6,,26.3,31.7,,32.1,63.9,63.9,,35.4,33.0,22.6,175.8,76.0,
45,1984-10,,38.9,,48.7,69.2,43.7,,,36.9,,42.4,,26.5,31.9,,32.1,63.4,63.9,,35.4,33.0,22.6,172.6,75.7,
46,1984-11,,38.9,,48.9,71.3,43.7,,,37.0,,42.5,,26.5,32.1,,32.1,63.8,64.0,,35.4,32.0,22.7,175.0,75.1,
47,1984-12,,39.3,,48.8,71.3,43.8,,,37.2,,42.7,,26.5,32.3,,32.1,63.8,64.3,,35.4,32.0,22.7,175.0,75.1,
48,1985-01,,38.9,,49.4,71.3,44.1,,,37.3,,43.0,,26.6,32.3,,32.1,63.8,64.3,,35.9,32.2,22.7,175.2,75.1,
49,1985-02,,39.0,,49.6,72.0,44.3,,,37.3,,42.7,,26.7,32.3,,32.2,63.8,63.3,,36.0,31.3,23.0,175.2,75.1,
50,1985-03,,39.0,,49.6,74.1,44.6,,,37.5,,42.8,,26.8,32.7,,32.4,65.5,63.3,,36.5,31.2,22.9,174.7,74.2,
51,1985-04,,39.0,,49.4,74.4,44.6,,,37.5,,42.8,,26.8,32.8,,32.4,65.5,64.5,,36.5,31.2,22.9,174.0,74.1,
52,1985-05,,39.0,,49.4,75.1,44.7,,,37.7,,42.1,,26.9,32.8,,32.6,67.5,64.5,,36.5,31.3,23.1,169.9,72.0,
53,1985-06,,39.0,,49.6,75.1,45.0,,,37.9,,42.1,,27.0,33.0,,33.0,67.5,64.5,,36.7,31.3,23.2,167.7,72.0,
54,1985-07,,39.0,,49.6,75.1,45.1,,,37.9,,41.7,,27.1,33.3,,33.2,67.8,64.5,,36.8,31.4,23.3,165.5,73.4,
55,1985-08,,39.2,,49.6,75.1,45.4,,,38.1,,41.7,,27.5,33.9,,33.3,68.4,64.5,,36.9,31.8,23.5,164.5,73.2,
56,1985-09,,39.2,,49.8,75.1,45.4,,,38.1,,42.1,,27.7,33.9,,33.5,68.7,64.5,,37.2,31.9,23.8,165.2,73.1,
57,1985-10,,39.2,,49.9,75.1,45.7,,,38.5,,42.3,,27.8,33.9,,33.9,68.6,64.5,,37.2,32.2,24.2,166.2,73.1,
58,1985-11,,39.2,,50.5,75.1,46.0,,,38.5,,42.3,,28.2,34.3,,34.1,69.4,64.5,,37.2,32.3,24.3,165.8,73.6,
59,1985-12,,39.2,,50.4,75.1,46.0,,,38.8,,42.3,,28.4,34.8,,34.1,69.4,64.5,,37.3,32.3,24.4,163.7,73.6,
60,1986-01,52.8,39.4,,50.2,75.1,46.4,,,39.2,,42.5,,29.2,34.8,,35.3,69.8,64.5,30.3,37.7,33.4,25.0,160.3,73.3,
61,1986-02,52.9,39.6,,50.2,75.3,46.6,,,39.4,,42.7,,30.0,35.4,,36.0,71.4,64.5,30.7,37.9,34.1,25.3,161.3,73.5,
62,1986-03,52.9,39.6,,50.2,75.3,46.7,,,39.6,,42.7,,30.6,35.7,,36.1,71.4,64.5,30.9,38.1,34.2,25.6,161.9,73.5,
63,1986-04,53.1,39.8,,50.6,75.3,47.1,,,40.0,,43.0,,30.8,36.4,,36.7,72.0,64.5,31.0,38.6,34.2,25.5,160.4,74.2,
64,1986-05,53.0,40.0,,50.1,76.1,47.4,,,40.0,,43.1,,31.5,36.4,,36.9,73.3,64.5,31.1,38.7,34.3,25.4,160.4,74.4,
65,1986-06,53.1,40.0,,50.1,76.1,47.6,,,40.2,,43.2,,32.0,36.4,,37.2,73.3,64.5,31.2,38.8,34.5,25.6,158.5,74.2,
66,1986-07,53.1,40.2,,50.1,76.1,48.1,,,40.4,,43.4,,32.5,37.0,,38.8,73.3,64.5,31.2,38.8,34.5,25.6,157.0,74.2,
67,1986-08,53.4,40.6,,50.3,76.5,48.7,,,40.9,,43.4,,33.5,37.0,,39.3,73.3,64.5,31.3,39.2,34.6,25.6,154.0,73.9,
68,1986-09,53.5,40.6,,50.5,76.5,49.1,,,41.6,,43.6,,35.2,37.6,,39.9,73.2,64.5,31.4,39.3,34.7,25.6,152.6,74.8,
69,1986-10,53.5,40.5,,50.5,76.5,49.4,,,42.1,,43.8,,36.2,38.1,,40.3,73.2,64.5,31.4,39.3,34.8,25.7,150.3,74.9,
70,1986-11,53.7,40.6,,50.9,76.5,49.9,,,42.7,,44.0,,37.2,41.3,,42.0,73.8,64.5,31.5,39.5,34.8,25.7,146.8,75.0,
71,1986-12,53.9,40.6,,51.0,76.5,49.9,,,43.1,,44.0,,37.7,41.3,,42.3,73.6,64.5,31.7,39.7,34.9,25.7,143.7,75.2,
72,1987-01,53.9,40.6,,51.0,76.5,50.8,,,43.7,,44.5,,38.4,41.4,,42.7,74.1,64.5,31.7,39.7,34.9,25.8,143.7,75.2,
73,1987-02,54.5,41.5,,51.1,79.0,50.8,,,44.3,,44.6,,40.0,41.6,,43.5,75.5,64.5,31.9,40.2,35.3,25.8,145.2,76.9,
74,1987-03,54.6,41.7,,51.1,79.0,51.0,,,45.3,,44.7,,42.5,43.6,,44.0,75.7,64.5,32.1,40.4,35.4,26.2,146.5,77.8,
75,1987-04,54.6,41.7,,51.1,79.0,51.3,,,45.9,,45.1,,43.6,43.6,,44.8,76.6,64.5,32.3,40.6,35.5,26.3,146.5,78.1,
76,1987-05,55.1,41.8,,51.9,79.0,51.4,,,46.3,,45.5,,44.1,43.9,,45.3,77.2,64.5,32.2,40.4,35.5,26.3,146.5,78.1,
77,1987-06,55.3,41.8,,52.1,79.0,51.6,,,46.7,,45.7,,44.4,44.7,,45.3,77.9,72.2,32.3,40.4,35.5,26.4,146.5,78.1,
78,1987-07,55.3,42.0,,52.1,79.0,51.7,,,46.9,,45.8,,44.5,44.7,,45.7,77.9,72.4,32.4,40.4,35.7,26.5,147.5,78.1,
79,1987-08,55.4,42.2,,52.2,79.0,52.2,,,47.6,,45.8,,44.5,46.1,,45.8,77.9,72.7,32.5,40.4,36.0,26.6,149.6,78.7,
80,1987-09,55.5,42.2,,52.5,79.0,52.7,,,48.0,,45.9,,44.4,46.1,,45.8,77.9,72.7,32.7,40.7,36.2,26.7,149.3,79.8,
81,1987-10,55.6,42.2,,52.5,79.0,53.5,,,48.1,,46.2,,44.6,46.1,,45.8,77.7,72.7,32.8,40.6,36.4,27.2,150.3,79.8,
82,1987-11,55.7,42.3,,52.7,79.0,53.7,,,48.6,,46.3,,44.5,47.1,,46.0,77.6,74.4,32.8,40.6,36.3,27.2,150.8,79.8,
83,1987-12,55.7,42.3,,52.7,79.0,53.9,,,48.8,,46.4,,44.5,47.2,,46.0,77.6,74.4,32.8,40.6,36.4,27.2,150.8,79.8,
84,1988-01,55.7,42.3,,52.7,79.0,54.2,,,49.3,,46.5,,44.4,47.2,,46.3,77.5,74.4,33.1,40.6,36.6,27.8,155.5,79.9,
85,1988-02,56.0,42.3,,53.3,79.0,54.6,,,49.5,,47.1,,45.0,47.8,,46.3,81.4,75.2,33.1,40.8,36.6,27.8,154.5,81.3,
86,1988-03,56.2,42.3,,53.5,79.0,55.2,,,49.9,,47.1,,45.6,48.3,,46.3,81.5,75.0,33.2,40.7,36.9,27.9,154.7,81.3,
87,1988-04,56.7,42.3,,53.5,82.1,55.6,,,50.2,,47.6,,47.4,48.5,,47.8,81.2,75.2,33.3,40.7,37.0,28.2,155.2,82.1,
88,1988-05,56.8,42.6,,53.7,82.1,56.1,,,50.6,,47.9,,48.5,49.2,,48.9,81.5,76.3,33.4,40.5,37.1,28.2,155.5,81.8,
89,1988-06,56.8,42.6,,53.7,82.1,56.1,,,50.7,,47.9,,48.9,49.2,,49.3,81.5,77.1,33.4,40.5,37.1,28.3,155.5,83.0,
90,1988-07,56.8,42.6,,53.7,82.1,56.2,,,50.7,,47.9,,49.1,49.3,,48.2,81.5,77.3,33.4,40.5,37.2,28.4,156.3,83.2,
91,1988-08,57.0,43.2,,53.7,82.1,56.4,,,51.0,,48.0,,50.2,50.8,,48.8,81.5,77.3,33.5,40.5,37.3,28.7,156.3,83.2,
92,1988-09,57.6,43.4,,54.4,82.1,56.5,,,51.2,,48.2,,51.8,50.8,,49.0,81.5,77.2,33.5,40.6,37.3,28.7,158.5,83.2,
93,1988-10,57.6,43.7,,54.4,82.1,56.6,,,51.4,,48.2,,52.5,51.0,,49.2,81.5,77.2,33.6,40.6,37.3,28.9,157.7,83.3,
94,1988-11,57.8,43.9,,54.5,82.1,57.0,,,51.5,,48.5,,52.7,51.0,,48.7,81.5,80.5,33.6,40.5,37.6,28.9,157.7,84.1,
95,1988-12,57.8,43.9,,54.5,82.1,57.4,,,51.7,,48.7,,53.0,51.5,,48.8,81.5,80.6,33.5,40.3,37.6,28.8,159.5,84.1,
96,1989-01,57.9,44.0,,54.7,82.1,57.6,,,51.6,,49.0,,52.7,51.9,,49.1,81.8,80.6,33.5,40.2,37.7,28.8,164.2,86.0,
97,1989-02,58.5,45.1,,54.8,84.0,58.2,,,51.6,,49.4,,53.7,52.1,,49.9,85.2,80.6,33.8,40.1,38.2,29.0,165.5,90.2,
98,1989-03,58.5,45.2,,54.8,84.0,58.7,,,51.9,,49.5,,54.3,53.5,,50.3,86.5,80.6,33.9,40.0,38.4,29.3,167.5,90.9,
99,1989-04,58.5,45.2,,54.8,84.1,58.7,,,51.9,,49.6,,54.4,53.6,,50.8,87.5,80.6,33.8,39.9,38.4,29.3,168.3,93.1,
100,1989-05,58.6,45.6,,54.6,84.1,59.6,,,52.3,,49.8,,54.4,53.7,,51.6,87.5,79.9,33.9,39.9,38.6,29.4,167.7,92.8,
101,1989-06,58.5,45.6,,54.5,84.1,59.6,,,52.4,,50.4,,55.0,53.8,,51.6,88.1,79.9,34.1,39.9,38.8,29.7,167.0,93.6,
102,1989-07,58.5,45.6,,54.5,84.1,59.6,,,52.3,,50.4,,55.0,54.0,,51.6,88.1,79.9,34.1,39.9,38.9,29.7,167.5,94.9,
103,1989-08,58.5,45.6,,54.5,83.8,59.7,,,52.4,,50.1,,55.0,54.2,,51.6,88.1,79.9,34.3,40.1,39.1,29.9,167.8,92.2,
104,1989-09,59.0,47.1,,54.5,83.8,59.7,,,52.6,,50.0,,55.2,54.4,,52.3,88.1,79.9,34.6,40.3,39.4,30.3,167.5,93.7,
105,1989-10,59.0,47.1,,54.5,83.8,60.0,,,52.8,,50.5,,55.3,54.9,,52.7,88.1,81.9,34.8,40.4,40.0,30.6,170.9,93.8,
106,1989-11,59.0,47.1,,54.5,83.8,60.4,,,53.0,,50.8,,55.3,55.2,,53.7,88.1,81.9,35.1,40.4,40.5,31.2,171.6,95.1,
107,1989-12,59.0,47.1,,54.5,83.8,60.5,,,53.0,,51.2,,55.3,55.5,,53.8,88.1,82.0,35.6,40.4,41.4,32.0,172.2,97.5,
108,1990-01,58.8,46.7,,54.5,83.8,60.5,,,53.1,,51.5,,55.3,55.9,,54.8,88.1,82.0,36.0,40.4,42.4,32.5,182.1,101.0,
109,1990-02,59.0,46.7,,54.7,84.4,60.6,,,53.3,,51.6,,54.7,55.9,,55.0,88.1,85.0,36.6,40.6,43.8,33.0,184.4,101.3,
110,1990-03,59.0,46.6,,54.7,84.4,60.9,,,53.3,,51.7,,54.8,56.0,,55.1,89.4,85.7,37.5,41.1,45.2,33.9,184.4,100.1,
111,1990-04,59.0,46.6,,54.7,84.3,60.9,,,53.5,,51.7,,54.3,55.9,,55.3,89.3,84.8,37.5,41.2,45.3,34.0,182.6,99.6,
112,1990-05,59.0,46.6,,54.7,84.7,60.9,,,53.6,,51.6,,53.4,55.9,,55.4,89.3,85.4,37.4,41.2,45.3,33.8,176.7,98.6,
113,1990-06,59.0,46.6,,54.7,84.7,61.0,,,53.5,,51.5,,51.4,54.5,,55.5,89.5,85.0,37.5,41.4,45.3,33.7,176.3,96.7,
114,1990-07,59.0,46.6,,54.8,84.7,61.3,,,53.5,,50.8,,50.4,54.5,,55.5,89.5,85.0,37.2,41.4,45.3,33.2,173.9,96.9,
115,1990-08,59.0,46.6,,54.8,84.7,61.7,,,53.5,,50.7,,49.3,54.0,,55.7,89.5,81.9,37.3,41.4,45.3,33.3,169.3,95.0,
116,1990-09,59.2,46.8,,54.8,84.8,61.8,,,53.7,,50.6,,47.8,53.5,,55.7,89.5,84.0,37.2,41.4,45.3,33.2,167.2,93.3,
117,1990-10,59.2,46.8,,54.8,84.8,61.9,,,53.7,,50.6,,46.7,52.8,,55.8,90.2,84.0,37.3,41.4,45.5,33.2,166.5,91.7,
118,1990-11,59.0,46.8,,54.5,84.7,62.1,,,53.5,,51.0,,45.2,52.1,,55.9,90.2,83.8,37.4,41.4,45.5,33.3,165.4,90.6,
119,1990-12,59.0,46.8,,54.5,84.7,62.1,,,53.5,,51.6,,44.9,52.2,,56.1,90.2,84.0,36.8,41.3,45.5,32.1,166.0,90.0,
120,1991-01,59.0,46.8,,54.5,84.7,61.9,,,53.3,,52.0,,42.8,51.5,,55.3,90.2,82.8,36.9,41.2,45.7,32.1,165.7,89.6,
121,1991-02,60.3,50.4,,54.3,84.8,63.5,,,53.3,,51.9,,40.6,51.6,,55.6,90.2,83.6,36.8,41.3,45.1,32.1,166.3,87.4,
122,1991-03,60.6,51.0,,54.3,84.8,63.3,,,54.0,,51.5,,40.7,51.7,,55.6,89.1,85.2,36.9,41.3,45.2,32.3,168.0,88.6,
123,1991-04,60.4,50.9,,54.3,84.1,62.3,,,53.4,,51.4,,40.9,51.3,,55.3,89.3,84.9,36.6,41.1,45.0,31.8,167.8,87.8,
124,1991-05,60.4,50.8,,54.3,84.4,62.3,,,53.5,,51.2,,42.7,51.3,,55.2,88.6,85.0,36.6,41.2,44.9,31.9,167.8,87.8,
125,1991-06,60.4,50.8,,54.3,84.4,62.5,,,53.5,,50.9,,42.6,51.2,,55.4,88.6,84.9,36.7,41.4,45.2,31.9,166.3,88.4,
126,1991-07,60.4,50.8,,54.3,84.4,62.5,,,53.5,,50.8,,42.7,51.2,,55.4,88.6,85.3,36.6,41.3,45.1,31.6,165.7,89.2,
127,1991-08,60.4,50.8,,54.3,84.4,62.5,,,53.4,,50.7,,42.4,50.7,,55.8,88.6,85.2,36.6,41.3,45.2,31.8,165.0,89.2,
128,1991-09,60.4,50.8,,54.3,84.4,62.5,,,53.5,,50.9,,42.4,50.3,,55.8,88.6,84.2,36.6,41.1,45.2,31.8,165.7,89.4,
129,1991-10,60.4,50.8,,54.3,84.4,62.3,,,53.7,,51.0,,42.4,50.1,,55.8,88.6,83.6,36.6,41.0,45.2,31.7,162.9,90.2,
130,1991-11,60.4,50.8,,54.2,84.5,62.3,,,53.3,,50.7,,41.9,50.4,,55.2,89.0,84.0,36.5,41.2,45.2,31.5,162.4,90.6,
131,1991-12,60.5,50.8,,54.4,84.5,62.3,,,53.3,,51.0,,41.9,50.1,,55.2,89.0,84.0,36.4,41.2,45.3,31.3,160.3,90.7,
132,1992-01,60.4,50.9,,54.4,84.2,62.3,,,53.2,,51.1,,41.6,50.2,,55.3,89.8,84.1,36.2,40.5,44.4,31.5,161.8,91.0,
133,1992-02,60.6,50.9,,54.4,84.9,62.5,,,53.0,,51.1,,41.0,49.8,,55.3,89.8,84.1,36.2,40.6,44.4,31.4,161.6,93.0,
134,1992-03,60.7,51.1,,54.4,85.4,62.3,,,53.2,,51.0,,40.9,49.6,,55.7,89.8,84.1,36.5,40.7,45.3,31.6,162.6,92.8,
135,1992-04,60.8,51.1,,54.5,85.4,62.5,,,53.2,,51.1,,41.0,49.4,,55.7,89.1,82.9,36.5,40.9,45.0,31.7,164.4,93.4,
136,1992-05,61.0,51.1,,55.1,85.4,63.5,,,53.1,,51.1,,40.8,48.3,,55.7,89.1,83.1,36.7,41.0,45.5,31.7,166.0,93.9,
137,1992-06,61.0,51.1,,55.1,85.3,63.5,,,53.0,,51.5,,40.8,48.4,,55.6,88.9,84.0,36.8,41.1,45.5,31.8,165.8,94.5,
138,1992-07,61.0,51.1,,55.0,85.3,63.2,,,53.0,,51.6,,40.6,48.5,,55.5,88.9,84.0,36.8,41.1,45.5,31.8,165.5,94.6,
139,1992-08,60.9,51.2,,54.9,84.9,62.4,,,52.9,,51.5,,40.4,48.4,,55.5,88.9,84.0,36.8,41.1,45.7,31.8,165.5,95.3,
140,1992-09,60.9,51.2,,54.9,85.1,61.9,,,53.0,,51.5,,39.9,48.2,,55.5,89.5,84.0,36.9,41.2,45.7,31.9,164.7,95.7,
141,1992-10,60.9,51.2,,54.9,85.1,61.8,,,53.1,,51.5,,39.9,47.8,,55.4,89.5,83.8,37.1,41.2,46.0,32.0,163.7,95.9,
142,1992-11,61.0,51.2,,54.9,85.5,61.7,,,53.1,,51.4,,40.6,47.7,,55.4,89.5,83.8,37.0,41.2,45.9,32.0,162.7,96.2,
143,1992-12,60.9,51.2,,54.9,85.1,61.5,,,53.1,,51.4,,40.5,47.9,,55.3,88.2,83.6,37.1,41.2,45.9,32.2,161.9,95.3,
144,1993-01,60.9,51.2,,54.9,84.8,61.4,,,53.0,,50.8,,40.4,47.4,,55.3,88.2,84.1,37.2,41.5,45.9,32.2,162.2,95.0,
145,1993-02,60.9,51.2,,54.9,85.0,61.4,,,53.1,,50.8,,40.1,46.6,,55.2,88.2,85.2,37.7,42.2,47.0,32.4,162.4,97.0,
146,1993-03,61.7,51.2,,56.2,85.3,61.5,,,53.2,,51.0,,40.1,47.3,,55.3,89.0,84.7,38.9,43.1,47.9,33.8,162.7,96.7,
147,1993-04,61.8,51.2,,56.2,85.3,62.0,,,53.7,,51.4,,39.9,47.1,,55.3,89.0,85.7,38.8,43.1,48.0,33.7,161.8,99.7,
148,1993-05,62.0,51.2,,56.7,85.1,62.1,,,53.5,,51.2,,39.5,47.1,,55.6,89.0,86.9,38.8,43.0,48.1,33.5,162.4,97.3,
149,1993-06,61.9,51.2,,56.6,85.1,62.1,,,53.7,,50.8,,40.2,47.0,,55.4,89.0,86.7,38.3,43.0,47.7,32.9,161.3,97.7,
150,1993-07,61.9,51.1,,56.6,85.0,62.1,,,53.7,,50.8,,39.5,47.1,,55.4,89.0,86.8,38.3,43.0,47.7,33.0,160.9,99.7,
151,1993-08,61.9,51.2,,56.6,85.2,62.2,,,53.7,,50.8,,40.0,47.2,,55.6,88.8,88.0,38.3,43.0,47.5,32.9,161.4,99.9,
152,1993-09,61.9,51.2,,56.6,84.7,61.7,,,53.8,,51.1,,40.2,47.8,,55.6,88.8,88.1,38.3,42.9,47.7,33.0,159.9,99.6,
153,1993-10,61.8,50.6,,56.8,84.7,61.8,,,53.9,,51.2,,39.8,47.6,,55.6,88.1,88.1,38.4,42.7,47.9,33.0,156.5,100.2,
154,1993-11,62.3,51.4,,57.1,85.0,61.8,,,54.0,,51.2,,39.7,47.3,,55.6,88.1,88.1,38.5,43.1,47.9,33.1,156.2,100.0,
155,1993-12,62.3,51.4,,57.1,85.0,61.8,,,54.0,,51.2,,39.7,47.1,,55.7,88.1,88.1,38.7,43.1,48.0,33.3,155.2,98.9,
156,1994-01,62.3,51.4,,57.1,84.7,61.8,,,53.7,,51.3,,39.7,47.1,,55.7,88.1,87.2,39.1,43.6,48.6,33.7,155.5,98.7,
157,1994-02,62.3,51.4,,57.1,84.7,61.3,,,53.7,,51.2,,39.5,46.8,,55.6,88.1,87.6,39.2,43.8,48.6,33.7,156.7,99.0,
158,1994-03,62.1,51.1,,57.1,84.7,61.0,,,53.8,,51.0,,39.5,47.1,,55.7,88.1,87.6,39.3,44.5,48.6,33.9,156.7,98.0,
159,1994-04,62.3,51.7,,57.1,84.7,60.9,,,53.7,,51.3,,39.6,46.6,,55.7,88.6,88.0,39.3,44.5,48.6,33.9,154.7,98.2,
160,1994-05,62.8,52.0,,57.6,85.2,61.5,,,53.9,,51.3,,39.5,46.6,,55.7,88.6,88.6,39.1,44.6,48.3,33.7,153.4,97.8,
161,1994-06,62.6,51.6,,57.6,85.3,61.5,,,53.7,,51.2,,39.9,47.1,,55.7,88.6,88.5,39.3,44.6,48.3,33.9,152.1,97.8,
162,1994-07,62.8,51.4,,57.9,85.3,61.5,,,53.7,,51.2,,39.9,47.1,,56.1,88.6,88.5,39.2,44.7,48.1,33.9,152.6,96.6,
163,1994-08,63.4,51.7,,58.7,85.5,61.3,,,53.8,,51.6,,40.1,47.3,,55.8,88.6,88.5,39.3,44.7,48.1,34.0,152.6,96.5,
164,1994-09,63.4,51.7,,58.7,85.5,61.3,,,54.1,,51.6,,40.2,47.1,,55.8,88.6,88.5,39.3,44.8,48.1,34.0,150.6,96.1,
165,1994-10,63.5,51.7,,58.9,85.5,61.3,,,54.1,,51.3,,40.3,47.2,,55.6,88.6,88.5,39.3,44.8,48.2,34.0,149.1,95.3,
166,1994-11,63.7,51.8,,59.1,85.4,61.4,,,54.5,,51.4,,40.0,47.3,,55.8,88.6,88.5,39.3,44.9,47.9,34.1,150.1,94.8,
167,1994-12,63.8,51.8,,59.3,85.4,61.4,,,54.5,,51.4,,40.1,48.0,,55.8,88.6,88.5,39.2,44.9,48.0,34.0,146.2,94.4,
168,1995-01,63.8,51.8,89.8,59.3,85.4,61.4,,,54.4,,51.3,,40.3,48.0,,56.0,89.2,88.5,39.3,45.0,48.0,34.0,146.8,93.9,
169,1995-02,63.9,52.1,89.8,59.4,85.4,61.5,,,54.8,,50.7,,40.5,47.8,,54.1,89.2,88.5,39.0,45.0,46.8,34.1,146.0,93.0,
170,1995-03,64.0,52.1,89.8,59.5,84.9,61.7,,,54.7,,50.5,,40.7,47.3,,54.1,89.2,88.5,39.5,45.3,48.0,34.2,145.5,91.7,
171,1995-04,63.8,51.9,89.2,59.5,84.9,61.7,,,54.8,,50.7,,40.5,47.1,,53.7,89.2,88.5,39.5,45.3,48.1,34.2,145.2,91.2,
172,1995-05,64.0,51.9,89.2,59.7,84.9,61.9,,,54.6,,50.1,,40.4,46.6,,53.7,88.8,88.5,39.6,45.4,48.1,34.2,142.7,91.4,
173,1995-06,63.9,51.9,89.1,59.7,84.4,61.9,,,54.8,,49.9,,40.2,46.5,,53.2,88.8,88.5,39.5,45.5,47.9,34.2,140.9,90.8,
174,1995-07,63.9,51.9,88.3,59.7,84.4,61.9,,,54.8,,50.0,,40.4,46.4,,53.6,88.8,88.3,39.5,45.5,47.9,34.2,141.1,90.1,
175,1995-08,64.0,51.1,88.6,60.1,84.8,62.1,,,54.8,,49.9,,40.3,46.9,,53.6,88.8,88.3,39.4,45.5,47.7,34.2,139.6,89.9,
176,1995-09,64.1,51.2,88.9,60.1,84.8,62.1,,,54.7,,49.9,,40.4,46.7,,53.6,88.8,88.3,39.5,45.5,48.0,34.2,138.8,89.3,
177,1995-10,64.1,51.2,88.9,60.1,84.8,62.1,,,54.5,,49.9,,40.1,47.0,,53.8,88.8,88.3,39.5,45.5,48.0,34.2,136.7,87.6,
178,1995-11,64.1,51.3,88.8,60.3,84.1,62.1,,,54.4,,49.3,,40.0,46.4,,52.9,88.8,88.3,39.5,45.5,48.1,34.1,134.5,87.0,
179,1995-12,64.1,51.3,88.5,60.3,84.1,62.1,,,54.4,,49.3,,40.2,46.6,,53.3,88.8,88.3,39.5,45.5,48.1,34.1,132.4,86.7,
180,1996-01,64.1,51.3,87.7,60.3,84.0,61.7,,,54.4,,49.3,,40.3,46.6,,53.3,88.8,88.2,39.5,45.4,48.1,34.1,132.6,86.3,
181,1996-02,64.0,51.1,87.7,60.2,84.0,62.3,,,54.2,,49.3,,39.6,46.0,,53.3,88.8,88.2,39.5,45.5,48.0,34.1,131.8,85.7,
182,1996-03,63.8,50.9,88.5,60.0,83.9,61.6,,,54.4,,49.5,,39.7,46.2,,53.3,88.8,88.2,39.5,45.5,48.2,34.0,131.4,84.6,
183,1996-04,63.8,50.9,87.9,60.1,83.8,61.4,,,54.2,,49.0,,39.5,46.4,,53.3,88.8,88.2,39.5,45.5,48.2,34.1,130.8,82.9,
184,1996-05,63.8,50.7,87.9,60.3,83.0,61.4,,,54.4,,49.3,,39.4,46.0,,53.3,88.8,88.1,39.5,45.6,48.0,34.1,129.6,82.6,
185,1996-06,64.0,50.7,88.5,60.6,83.3,61.4,,,54.7,,49.1,,39.5,46.0,,53.3,88.8,88.1,39.7,45.7,48.0,34.5,127.8,82.2,
186,1996-07,64.0,50.7,87.9,60.7,83.3,61.4,,,54.7,,48.9,,39.5,45.8,,53.6,88.8,88.1,39.8,45.7,48.0,34.6,127.7,82.1,
187,1996-08,64.0,50.7,88.4,60.6,83.3,61.4,,,54.7,,49.0,,39.5,46.7,,53.6,88.8,88.0,39.8,45.7,47.8,34.6,130.4,81.8,
188,1996-09,64.0,50.7,88.0,60.6,83.3,61.8,,,54.7,,49.1,,39.3,46.6,,53.6,88.8,88.0,40.0,45.7,48.0,34.9,130.4,81.8,
189,1996-10,63.9,50.7,88.9,60.4,83.2,61.8,,,54.7,,49.4,,39.5,46.6,,53.6,88.8,88.0,40.1,45.9,48.0,35.1,129.5,80.8,
190,1996-11,63.8,50.6,87.9,60.4,83.3,61.7,,,54.6,,49.9,,39.7,47.0,,53.2,93.1,88.2,40.4,45.9,48.0,35.5,128.5,81.0,
191,1996-12,63.8,50.6,87.8,60.4,83.3,61.7,,,54.8,,49.9,,39.7,46.8,,53.2,93.1,88.2,40.9,46.3,48.1,36.2,126.5,80.2,
192,1997-01,63.5,50.6,87.8,60.0,83.3,61.7,,,54.9,,50.2,,40.0,46.9,,53.8,93.3,87.8,41.0,46.3,48.5,36.3,127.2,80.1,
193,1997-02,63.7,50.6,88.4,60.1,82.7,61.9,,,54.9,,49.8,,40.2,47.8,,54.1,94.0,88.1,41.2,46.3,48.8,36.4,127.3,80.2,
194,1997-03,63.7,50.6,88.4,60.1,82.9,61.9,,,54.9,,49.8,,40.2,48.5,,54.1,94.1,88.1,41.4,46.6,48.8,36.7,127.3,80.1,
195,1997-04,62.4,49.3,88.4,59.1,80.5,61.4,,,54.6,,50.1,,40.6,48.5,,53.8,93.9,88.1,41.5,46.6,48.9,36.8,126.5,80.2,
196,1997-05,61.9,49.8,88.4,58.2,80.1,61.2,,,54.2,,50.0,,40.9,48.4,,54.2,93.9,87.8,41.6,46.6,49.0,36.9,125.5,80.1,
197,1997-06,61.9,49.6,88.5,58.3,80.0,61.1,,,54.4,,50.0,,40.9,48.8,,54.2,94.2,87.8,41.9,46.8,49.1,37.2,126.4,79.4,
198,1997-07,61.9,49.6,88.8,58.3,79.8,61.1,,,54.4,,50.1,,41.2,49.1,,54.2,94.2,87.7,41.9,46.8,49.1,37.3,126.4,78.6,
199,1997-08,62.4,49.3,89.2,59.2,79.5,61.2,,,54.6,,50.1,,41.1,49.9,,54.1,94.8,87.3,42.1,46.8,49.4,37.4,126.0,78.1,
200,1997-09,62.2,49.3,88.1,59.0,79.4,61.2,,,54.6,,50.0,,41.2,50.1,,54.2,94.8,86.2,42.2,47.0,49.4,37.6,124.2,77.8,
201,1997-10,61.9,49.3,86.7,58.8,79.5,61.4,,,54.7,,49.9,,41.3,50.0,,54.2,95.0,86.2,42.6,47.0,49.8,38.0,123.6,76.4,
202,1997-11,61.9,49.2,85.6,58.9,79.5,61.5,,,54.7,,50.0,,42.1,50.1,,54.2,95.0,85.7,42.8,47.0,49.8,38.3,122.9,76.0,
203,1997-12,62.0,49.3,85.6,58.9,79.6,61.5,,,54.7,,50.1,,42.1,50.2,,54.2,95.0,85.7,43.1,47.0,50.0,38.8,123.2,76.2,
204,1998-01,61.9,49.3,84.2,58.8,79.4,61.5,,,54.6,,49.9,,42.4,50.5,,54.2,95.0,85.6,43.8,47.0,50.5,39.6,121.8,75.2,
205,1998-02,61.9,49.3,85.5,58.8,79.2,61.6,,,54.9,,50.0,,42.4,50.8,,54.0,95.0,85.0,44.0,47.1,50.5,39.8,120.3,74.9,
206,1998-03,61.9,49.3,85.5,58.8,79.1,61.6,,,54.9,,50.1,,42.5,50.9,,54.3,95.0,85.2,44.2,47.1,50.8,40.0,119.1,74.5,
207,1998-04,62.4,49.1,85.5,60.0,78.8,61.7,,,54.9,,50.0,,42.6,51.2,,54.3,95.0,84.4,44.4,47.1,51.0,40.3,117.3,73.3,
208,1998-05,62.6,48.8,85.5,60.5,78.5,61.6,,,54.8,,50.0,,42.8,50.8,,54.3,95.0,84.3,44.6,47.1,51.3,40.5,114.9,73.5,
209,1998-06,62.5,48.7,84.9,60.5,78.4,61.6,,,54.8,,50.1,,43.0,50.9,,54.3,95.1,84.3,44.8,47.2,51.3,40.8,113.1,73.2,
210,1998-07,62.0,48.7,85.0,59.6,78.4,61.6,,,54.8,,50.4,,43.1,50.8,,54.3,95.1,84.2,45.0,47.2,51.4,41.1,113.2,73.1,
211,1998-08,62.1,48.7,85.0,59.8,78.2,61.6,,,54.8,,50.4,,43.0,51.2,,54.4,94.9,84.3,45.1,47.2,51.3,41.2,113.4,72.6,
212,1998-09,62.2,48.7,86.9,59.8,78.1,61.2,,,54.8,,50.5,,43.3,51.6,,54.4,94.2,84.2,45.2,47.2,51.4,41.3,112.3,71.8,
213,1998-10,62.3,48.7,88.0,59.9,78.1,61.2,,,55.0,,50.6,,43.4,51.6,,54.8,94.2,84.2,45.3,47.2,51.5,41.3,112.4,71.5,
214,1998-11,62.3,48.6,88.5,59.9,78.1,61.3,,,55.0,,50.7,,43.5,51.6,,54.8,94.2,84.2,45.3,47.3,51.6,41.4,111.8,71.2,
215,1998-12,62.3,48.3,88.1,59.9,78.4,61.3,,,55.0,,50.5,,43.4,51.7,,54.8,94.2,84.2,45.5,47.3,51.6,41.6,112.3,71.0,
216,1999-01,62.8,48.9,86.9,60.8,78.4,61.7,,,55.1,,50.3,,43.6,51.3,,54.8,95.6,83.9,45.7,47.3,51.7,41.8,111.9,70.0,
217,1999-02,62.8,48.9,86.9,60.8,78.6,62.2,,,55.4,,50.5,,43.7,51.3,,54.9,94.8,83.8,45.8,47.3,51.7,42.0,110.9,69.7,
218,1999-03,62.9,48.9,86.9,60.8,78.7,62.5,,,55.7,,50.9,,43.7,51.3,,54.9,94.9,83.7,46.1,47.3,51.8,42.3,109.8,69.7,
219,1999-04,62.8,48.9,86.6,60.8,78.6,62.8,,,55.8,,51.1,,43.7,51.2,,54.7,95.6,83.7,46.1,47.4,51.7,42.4,110.0,69.7,
220,1999-05,62.9,48.9,86.6,60.9,78.8,62.9,,,55.9,,50.9,,43.7,51.3,,54.7,95.5,83.6,46.2,47.4,51.8,42.5,109.5,69.6,
221,1999-06,63.2,48.9,86.6,61.4,78.8,62.9,,,56.1,,51.3,,43.7,51.5,,54.7,95.1,83.5,46.3,47.8,51.8,42.6,109.6,69.4,
222,1999-07,63.5,48.9,87.5,61.9,78.7,62.9,,,56.1,,52.0,,43.8,51.3,,54.7,95.4,83.3,46.4,47.9,52.1,42.7,109.3,69.5,
223,1999-08,63.9,49.5,87.5,62.4,78.8,62.9,,,56.5,,52.5,,43.8,51.8,,55.0,95.4,83.2,46.8,48.6,52.6,43.0,107.7,69.3,
224,1999-09,64.0,49.5,87.5,62.4,79.3,63.0,,,56.5,,52.8,,44.3,52.0,,55.2,95.8,83.2,47.0,49.1,52.7,43.2,105.7,69.0,
225,1999-10,64.3,49.6,88.0,62.8,79.6,62.9,,,56.8,,53.0,,44.4,52.2,,55.4,95.8,82.6,47.1,49.1,52.7,43.3,104.7,68.8,
226,1999-11,64.2,48.7,88.2,63.1,79.5,63.1,,,57.1,,53.2,,44.8,52.3,,55.6,95.8,82.5,47.2,49.1,53.0,43.4,103.7,68.8,
227,1999-12,64.3,48.7,88.2,63.1,79.6,63.1,,,57.1,,53.5,,45.0,52.7,,55.6,95.8,82.5,47.3,49.3,53.0,43.5,103.2,69.1,
228,2000-01,64.2,48.9,88.2,63.1,79.3,64.1,,,57.2,,53.3,,45.0,52.8,,55.6,95.8,82.5,47.3,49.3,53.2,43.5,102.4,69.0,
229,2000-02,64.5,49.7,88.2,63.4,79.3,64.1,,,57.3,,53.9,,45.4,53.1,,56.4,96.7,82.2,47.4,49.3,53.2,43.6,102.3,69.2,
230,2000-03,64.4,49.8,88.2,63.4,79.1,64.2,,,57.5,,53.8,,45.5,53.3,,56.3,96.4,82.5,47.5,49.3,53.4,43.7,101.3,68.6,
231,2000-04,64.9,49.8,88.2,64.3,79.3,64.2,,,57.8,,54.0,,45.6,53.7,,56.4,96.4,82.5,47.5,49.3,53.4,43.7,101.3,68.7,
232,2000-05,64.9,50.5,88.2,64.3,78.4,64.3,,,58.1,,54.3,,45.8,53.3,,56.7,96.4,82.4,47.8,49.4,53.7,44.0,101.4,68.6,
233,2000-06,64.9,50.6,88.2,64.3,78.6,64.3,,,58.1,,54.7,,45.8,53.8,,56.8,96.4,82.2,47.7,50.3,53.8,43.8,101.4,68.6,
234,2000-07,65.1,51.1,88.2,64.4,78.4,64.3,,,58.1,,55.8,,45.8,53.5,,57.0,96.4,82.3,47.9,50.3,53.8,44.0,101.1,68.4,
235,2000-08,65.2,51.2,89.5,64.4,78.5,64.4,,,58.9,,56.9,,45.9,53.8,,57.0,96.4,81.8,47.9,50.3,53.9,44.0,101.1,68.5,
236,2000-09,64.9,51.1,89.5,64.1,78.1,64.4,,,59.3,,58.5,,45.9,54.0,,57.4,96.4,80.9,47.8,50.3,53.5,44.0,101.3,68.5,
237,2000-10,65.2,51.1,89.7,64.5,78.5,64.4,,,59.5,,59.2,,46.0,54.0,,57.3,96.4,81.5,47.9,50.3,53.5,44.1,100.8,68.5,
238,2000-11,65.4,51.1,89.5,65.3,78.0,64.5,,,59.8,,60.7,,46.4,54.1,,57.3,96.4,81.2,47.9,50.5,53.5,44.1,101.9,68.5,
239,2000-12,65.5,51.1,89.4,65.3,78.3,64.5,,,59.8,,61.6,,46.5,53.8,,57.3,96.4,80.9,47.9,50.5,53.5,44.1,102.4,68.1,
240,2001-01,65.7,51.1,89.7,65.7,78.3,65.1,,,60.2,,62.4,,46.7,53.8,,57.3,96.4,80.9,48.0,50.5,53.5,44.2,102.1,68.1,
241,2001-02,65.5,51.1,89.7,65.7,77.6,65.5,,,60.8,,62.9,,46.7,54.1,,57.6,96.4,80.8,48.1,50.5,53.5,44.3,102.6,68.3,
242,2001-03,65.6,51.1,89.9,65.7,77.8,65.5,,,61.0,,63.2,,47.1,54.1,,57.8,96.3,80.9,48.2,51.1,53.6,44.4,102.8,68.5,
243,2001-04,65.6,51.1,89.8,65.7,77.8,65.5,,,61.2,,63.6,,47.3,54.3,,58.6,96.4,80.8,48.3,51.1,53.9,44.4,102.8,68.6,
244,2001-05,65.9,51.3,89.8,65.8,78.7,65.5,,,61.5,,64.1,,47.3,54.6,,58.6,96.4,80.6,48.3,51.1,53.9,44.4,102.9,68.7,
245,2001-06,65.8,51.0,89.8,65.8,78.5,66.6,,,61.8,,64.1,,47.6,55.0,,58.7,96.4,80.9,48.7,51.1,54.1,44.8,102.9,68.8,
246,2001-07,66.2,52.5,89.8,65.8,78.8,66.6,,,61.8,,64.5,,47.6,55.3,,58.6,96.4,80.9,48.9,51.1,54.5,45.0,103.1,69.4,
247,2001-08,66.5,52.5,88.4,66.4,78.8,66.5,,,61.9,,64.6,,47.8,55.2,,58.8,96.4,81.0,48.9,51.1,54.7,45.0,103.1,69.6,
248,2001-09,66.5,52.5,88.6,66.4,78.9,66.7,,,62.3,,64.6,,47.8,55.7,,58.9,96.4,81.4,49.0,51.2,54.8,45.2,102.9,70.0,
249,2001-10,66.7,52.5,88.6,66.8,79.1,66.2,,,62.4,,65.1,,47.8,56.1,,59.1,96.4,81.3,49.1,51.2,54.9,45.2,103.1,70.3,
250,2001-11,66.8,52.5,88.6,67.1,79.1,66.2,,,62.6,,65.2,,48.0,55.5,,59.6,96.4,81.2,49.4,51.5,55.2,45.6,103.2,70.6,
251,2001-12,66.9,52.5,88.5,67.1,79.2,66.2,,,62.6,,66.0,,48.1,55.7,,59.4,96.4,81.8,49.6,51.5,55.4,45.7,103.2,70.6,
252,2002-01,67.0,52.2,88.5,67.6,79.2,66.8,,,62.8,,67.1,,48.2,55.9,,60.3,96.4,81.6,49.8,51.6,55.8,46.0,103.2,70.8,
253,2002-02,67.2,52.9,88.6,67.6,79.3,67.3,,,63.0,,67.5,,48.9,56.4,,60.3,96.4,81.6,50.3,51.7,56.9,46.2,103.6,71.0,
254,2002-03,67.2,53.1,88.6,67.6,79.3,67.7,,,63.5,,68.0,,49.0,56.2,,60.1,96.4,80.9,50.9,52.0,57.7,46.9,103.6,71.4,
255,2002-04,67.5,52.9,88.6,68.4,79.3,68.2,,,64.4,,70.0,,49.3,56.9,,60.5,96.4,81.4,51.2,52.2,58.1,47.1,103.4,71.7,
256,2002-05,68.2,53.4,88.6,68.5,81.0,68.5,,,64.8,,70.6,,49.7,57.6,,60.3,96.3,81.6,51.6,52.2,58.9,47.6,108.5,71.9,
257,2002-06,68.2,53.7,88.6,68.5,80.8,68.8,,,64.9,,70.8,,49.7,58.1,,60.8,96.3,80.9,52.0,52.5,59.5,47.8,108.8,71.9,
258,2002-07,68.3,53.9,88.6,68.7,80.7,68.8,,,64.9,,70.7,,49.9,58.4,,60.6,96.3,81.2,52.2,52.6,59.8,47.9,109.6,71.9,
259,2002-08,68.4,54.0,89.1,68.7,81.0,69.8,,,65.5,,71.4,,50.2,58.7,,60.8,96.4,81.5,52.4,52.6,60.0,48.2,109.6,71.9,
260,2002-09,68.6,54.7,89.1,68.8,81.0,70.3,,,65.9,,71.4,,50.3,59.1,,61.1,96.4,82.1,52.6,53.3,60.3,48.3,109.6,72.0,
261,2002-10,68.6,54.9,89.1,68.8,81.0,71.2,,,66.2,,72.5,,50.8,60.7,,62.0,96.4,81.9,52.7,53.3,60.4,48.4,111.1,72.6,
262,2002-11,68.8,54.7,89.1,69.2,81.0,72.3,,,67.9,,72.5,,51.3,61.3,,62.0,96.4,81.9,53.1,53.6,61.3,48.6,111.3,72.8,
263,2002-12,68.8,54.9,89.1,69.2,81.0,72.3,,,67.9,,72.5,,51.4,61.5,,62.2,96.4,82.2,53.4,53.6,61.4,49.1,111.6,72.8,
264,2003-01,69.4,55.1,89.1,69.9,82.1,73.5,,,68.7,,72.5,,51.4,61.5,,62.4,96.4,82.2,53.6,53.6,61.8,49.2,111.6,73.2,
265,2003-02,69.6,55.4,89.1,69.9,82.0,74.6,,,69.7,,72.8,,51.9,61.5,,63.0,96.4,82.5,53.9,54.0,62.3,49.4,111.6,74.2,
266,2003-03,69.6,55.4,89.1,69.9,82.0,74.8,,,69.0,,72.6,,52.0,62.2,,64.0,96.4,82.1,54.1,54.2,62.4,49.7,112.8,74.5,
267,2003-04,70.2,55.8,89.1,71.5,82.0,75.8,,,69.1,,72.7,,52.3,62.5,,64.7,96.4,82.2,54.3,54.2,62.4,49.9,114.2,74.8,
268,2003-05,70.6,55.9,89.1,71.8,82.8,76.0,,,69.2,,72.8,,53.0,62.8,,64.8,96.4,82.2,54.3,54.2,62.4,50.0,114.7,75.4,
269,2003-06,70.6,56.1,89.1,71.8,82.8,76.0,,,69.5,,73.2,,53.2,62.8,,64.8,96.4,82.1,54.6,54.6,62.5,50.3,115.6,75.4,
270,2003-07,70.7,56.1,89.1,71.8,82.9,76.0,,,69.5,,73.2,,53.6,63.7,,65.0,96.4,81.9,54.7,54.6,62.5,50.4,117.1,75.5,
271,2003-08,70.9,56.4,89.1,71.8,83.5,77.2,,,70.2,,73.3,,54.1,64.0,,65.0,96.4,82.2,54.8,54.6,62.6,50.5,117.8,75.4,
272,2003-09,71.2,57.3,89.6,71.8,83.5,78.3,,,70.8,,73.9,,54.3,63.8,,65.1,96.4,82.3,55.3,55.0,63.7,50.8,119.0,75.5,
273,2003-10,71.2,57.2,90.0,71.8,83.5,78.4,,,71.4,,74.6,,54.5,64.1,,65.1,96.4,82.6,55.8,55.0,64.3,51.4,119.1,76.0,
274,2003-11,71.2,57.2,90.7,71.8,83.5,79.3,,,71.9,,75.1,,55.3,64.5,,65.8,96.4,82.7,56.1,55.2,64.4,51.7,120.1,76.5,
275,2003-12,71.6,57.5,91.0,72.6,83.5,79.3,,,72.0,,75.3,,55.4,64.4,,66.6,96.4,82.7,56.6,55.8,64.4,52.4,120.4,76.6,
276,2004-01,71.6,57.4,91.4,72.6,83.5,79.7,,,72.2,,75.6,,55.5,64.6,,66.4,96.4,82.6,56.6,55.8,64.6,52.4,120.5,77.9,
277,2004-02,71.8,57.6,92.2,72.6,83.7,79.9,,,72.7,,76.4,,55.9,65.3,,67.8,96.4,83.9,56.6,55.8,64.4,52.5,120.7,78.1,
278,2004-03,71.9,57.8,92.5,72.6,83.7,79.9,,,73.2,,77.1,,56.1,64.9,,68.0,96.4,83.9,56.8,56.8,64.6,52.6,122.7,78.7,
279,2004-04,72.0,58.1,92.5,72.6,83.7,80.3,,,74.0,,77.7,,56.7,65.5,,68.0,96.4,83.4,57.1,57.1,64.9,52.9,124.2,79.2,
280,2004-05,72.5,58.9,92.9,73.2,84.0,81.1,,,74.4,,78.0,,57.7,66.7,,68.1,96.4,84.3,57.5,57.5,65.2,53.2,125.5,79.9,
281,2004-06,72.7,59.4,92.9,73.2,84.4,81.1,,,74.5,,78.8,,58.1,67.2,,68.5,96.4,84.0,58.0,59.3,65.8,53.4,126.4,80.1,
282,2004-07,72.8,59.8,92.9,73.2,84.2,81.1,,,74.5,,78.8,,58.2,67.5,,68.6,96.5,84.3,58.1,59.3,66.0,53.6,126.9,80.2,
283,2004-08,73.2,60.4,93.5,73.2,85.2,81.4,,,75.3,,79.2,,58.5,67.4,,68.7,96.8,84.5,58.2,59.3,66.0,53.8,128.2,80.8,
284,2004-09,73.3,60.7,93.5,73.2,85.2,81.4,,,75.9,,79.2,,58.6,68.1,,68.9,97.0,84.7,58.6,59.6,66.2,54.0,128.7,81.0,
285,2004-10,73.4,60.7,94.3,73.2,85.3,81.9,,,76.2,,79.8,,58.7,68.4,,69.1,97.0,84.7,58.9,59.6,66.8,54.2,128.2,81.1,
286,2004-11,73.9,61.2,94.3,73.2,86.4,82.4,,,76.7,,79.8,,58.9,69.6,,69.3,97.0,85.0,58.9,59.6,66.9,54.1,128.2,81.7,
287,2004-12,73.9,61.2,94.3,73.2,86.4,82.4,,,76.7,,80.2,,59.0,69.5,,69.9,97.0,85.0,58.9,60.1,67.0,54.2,129.1,81.8,
288,2005-01,74.2,61.7,94.3,73.2,87.0,82.8,,,77.1,,80.7,,59.1,69.8,,70.3,97.4,85.0,59.1,61.1,67.0,54.3,129.3,81.7,
289,2005-02,74.6,62.0,95.6,73.2,88.0,83.2,,,77.4,,80.9,,59.2,70.1,,70.5,97.8,85.1,59.5,61.1,67.7,54.6,131.0,81.8,
290,2005-03,74.6,62.1,95.4,73.2,88.0,83.2,,,78.0,,81.2,,59.5,70.2,,70.9,97.0,84.8,59.8,61.6,68.1,54.9,132.1,81.8,
291,2005-04,74.6,62.0,95.9,73.2,88.0,83.7,,,78.2,,81.1,,60.0,71.0,,72.3,97.0,84.7,60.1,61.6,68.2,55.2,132.0,82.2,
292,2005-05,74.8,63.0,96.6,73.2,87.6,84.0,,,78.2,,81.5,,60.3,71.9,,73.2,97.8,85.4,60.3,61.7,68.4,55.5,131.5,82.9,
293,2005-06,75.0,63.0,97.1,73.2,88.0,84.0,,,78.4,,81.8,,60.2,71.8,,73.2,98.0,85.2,61.1,63.2,69.3,56.2,132.3,82.9,
294,2005-07,75.1,63.0,97.1,73.3,88.2,84.0,,,78.4,,82.9,,60.2,72.3,,73.1,98.0,85.8,61.2,63.2,69.7,56.2,132.5,83.2,
295,2005-08,76.5,63.1,97.9,76.7,88.4,84.6,,,78.6,,82.9,,60.4,71.8,,73.1,98.0,85.7,61.5,63.5,70.0,56.5,136.8,83.1,
296,2005-09,77.3,63.6,98.6,77.9,89.0,84.6,,,79.1,,83.2,,60.6,72.0,,73.3,98.0,86.1,62.6,63.7,70.7,57.9,137.6,83.5,
297,2005-10,77.4,64.0,98.4,77.9,89.0,85.3,,,79.3,,84.0,,61.0,72.5,,73.3,97.9,86.2,64.3,63.8,71.2,60.6,137.6,83.5,
298,2005-11,77.4,64.0,98.4,77.9,89.2,85.9,,,79.5,,83.6,,61.0,72.2,,73.7,97.9,86.4,65.9,63.9,71.7,62.9,138.1,83.6,
299,2005-12,77.4,64.1,97.9,77.9,89.2,85.9,,,79.4,,83.6,,61.0,73.0,,74.3,97.6,85.9,68.3,64.5,72.8,66.4,136.0,84.0,
300,2006-01,77.6,64.1,96.3,77.9,90.2,86.2,,,79.7,,83.8,,61.6,73.8,,75.6,98.2,85.9,69.9,64.6,75.0,68.0,135.6,85.6,
301,2006-02,77.7,64.4,95.9,77.9,90.3,86.8,,,80.1,,83.8,,61.7,73.7,,76.1,98.2,86.4,71.4,65.0,76.0,70.0,135.6,86.9,
302,2006-03,78.0,64.3,97.9,77.9,91.0,86.8,,,80.3,,83.9,,61.9,74.4,,76.2,98.2,86.2,74.4,65.5,77.4,74.3,136.6,87.3,
303,2006-04,78.0,64.3,97.9,77.9,91.0,86.8,,,81.1,,84.3,,62.3,74.7,,76.8,96.4,86.8,77.6,65.7,79.7,78.8,136.3,88.4,
304,2006-05,78.2,64.5,99.2,77.9,91.3,87.1,,,81.4,,84.9,,62.5,74.5,,76.1,96.8,86.6,80.8,66.6,83.5,82.2,134.3,88.8,
305,2006-06,78.2,64.5,99.2,78.0,91.1,87.2,,,81.6,,84.8,,62.8,75.3,,76.0,97.3,86.3,85.1,67.0,88.0,87.3,134.6,89.0,
306,2006-07,79.0,66.5,99.7,78.3,91.6,87.2,,,81.6,,85.6,,63.1,76.9,,76.1,97.9,86.3,87.3,67.5,89.1,90.5,132.5,89.8,
307,2006-08,79.0,66.4,99.8,78.3,91.5,87.2,,,82.2,,86.2,,63.5,77.2,,77.7,97.9,86.7,90.4,67.7,93.2,93.9,133.6,92.9,
308,2006-09,78.9,66.1,99.5,78.3,91.6,87.2,,,82.3,,86.3,,63.5,77.2,,78.8,97.9,86.7,91.6,68.3,95.9,94.3,133.7,93.8,
309,2006-10,78.9,66.1,99.5,78.3,91.6,87.3,,,82.6,,86.4,,63.5,77.5,,78.8,97.2,87.1,91.8,68.6,97.7,93.6,132.4,94.4,
310,2006-11,79.3,66.6,100.2,78.8,91.5,87.3,,,83.0,,86.8,,63.7,77.9,,77.9,96.1,87.6,92.5,68.7,99.3,93.9,132.4,94.5,
311,2006-12,79.3,66.7,100.2,78.8,91.4,87.3,,,83.0,,86.8,,63.7,78.0,,78.6,95.8,87.3,91.9,69.1,99.5,92.4,131.7,94.5,
312,2007-01,79.3,66.7,100.0,78.8,91.5,87.3,,,83.5,,86.6,,63.8,78.3,,79.0,95.8,86.9,93.0,69.4,101.1,93.4,131.5,94.5,
313,2007-02,79.1,66.7,100.0,78.8,90.9,88.3,,,84.4,,86.6,,63.9,78.8,,78.7,94.7,88.7,94.2,70.0,104.0,93.5,130.8,94.5,
314,2007-03,79.1,66.9,100.0,78.8,90.9,88.4,,,84.5,,86.8,,63.7,79.1,,78.7,95.6,88.6,94.8,70.6,104.0,93.8,132.0,95.8,
315,2007-04,79.5,66.9,99.2,80.1,90.8,88.4,,,84.5,,86.8,,63.7,79.6,,78.8,95.6,89.7,96.9,70.8,107.0,95.6,130.8,97.2,
316,2007-05,81.3,67.7,100.0,84.1,91.3,88.6,,,85.0,,86.9,,64.1,79.1,,79.4,95.2,90.8,99.4,71.5,111.1,96.6,124.6,99.1,
317,2007-06,81.3,67.7,100.0,84.1,91.3,88.6,,,85.2,,87.0,,64.6,79.5,,80.2,93.7,90.7,99.9,71.9,111.1,97.0,125.4,100.2,
318,2007-07,81.6,68.4,100.0,84.1,91.5,88.6,,,85.2,,87.0,,64.8,79.8,,80.7,92.9,90.2,102.1,72.1,116.7,97.1,124.5,100.4,
319,2007-08,82.0,69.5,100.0,84.3,91.6,89.1,,,86.3,,87.1,,65.3,78.9,,80.7,93.8,90.6,102.6,73.3,117.2,97.0,124.5,100.4,
320,2007-09,82.5,70.6,100.0,84.5,91.7,89.1,,,86.7,,87.3,,65.5,79.2,,81.3,93.4,91.7,102.9,74.1,117.2,97.6,124.1,100.4,
321,2007-10,82.7,71.1,100.0,84.5,92.0,89.1,,,86.7,,87.3,,65.6,79.3,,81.1,93.4,92.1,102.7,74.1,117.2,97.0,124.8,100.7,
322,2007-11,83.9,71.8,101.1,87.3,92.0,89.6,,,87.1,,87.3,,66.4,79.6,,81.5,93.4,93.2,102.7,74.6,117.2,96.8,125.9,101.0,
323,2007-12,84.2,72.6,101.1,87.3,92.2,89.6,,,87.1,,87.3,,66.5,79.5,,81.5,94.0,93.3,102.7,74.7,117.2,96.8,125.9,100.9,
324,2008-01,85.1,73.5,102.6,88.2,92.6,89.8,,,88.0,,88.4,,67.3,80.1,,82.0,94.0,93.6,102.5,75.3,116.5,96.5,126.0,101.1,
325,2008-02,85.6,75.4,102.6,88.2,92.1,89.9,,,88.6,,89.8,,67.5,81.2,,82.0,94.4,95.1,102.2,75.4,115.0,96.1,126.0,101.0,
326,2008-03,86.1,75.6,101.3,89.5,92.5,89.9,,,88.5,,89.8,,67.7,82.1,,82.3,94.3,95.4,101.9,76.1,113.1,96.4,126.0,101.9,
327,2008-04,86.9,77.9,101.3,89.5,92.5,89.9,,,88.3,,89.8,,67.7,81.9,,83.0,94.7,95.4,101.2,76.6,112.0,95.2,125.6,101.9,
328,2008-05,87.8,80.6,101.3,89.5,92.4,90.2,,,90.0,,90.4,,67.7,82.2,,83.3,94.4,96.9,99.9,76.9,109.3,94.3,124.4,101.5,
329,2008-06,88.3,81.9,101.7,89.6,92.6,90.5,,,90.1,,91.3,,68.0,81.5,,84.1,94.7,96.9,99.0,77.4,107.9,93.9,124.3,101.4,
330,2008-07,89.5,84.5,101.7,89.6,93.8,90.5,,,90.2,,91.3,,68.0,81.6,,84.1,94.7,96.6,98.8,77.6,107.2,93.8,124.9,101.4,
331,2008-08,89.9,85.3,101.1,89.6,94.4,91.5,,,90.8,,91.3,,68.2,81.7,,84.1,94.5,96.6,98.1,77.8,107.1,92.7,124.4,101.3,
332,2008-09,89.9,85.3,101.1,89.8,94.1,91.5,,,90.6,,91.6,,68.2,82.0,,84.1,94.5,96.6,98.0,78.1,107.0,92.8,124.9,101.1,
333,2008-10,90.2,85.9,101.3,89.9,94.1,91.5,,,90.7,,91.6,,68.1,81.9,,84.1,94.1,96.5,96.0,78.3,102.6,92.1,122.5,99.1,
334,2008-11,91.7,89.8,101.3,89.9,94.9,91.8,,,91.0,,91.6,,68.1,81.5,,84.1,94.4,96.7,95.1,78.3,102.2,90.6,121.0,96.5,
335,2008-12,91.8,90.1,101.3,90.0,94.9,91.8,,,91.0,,91.9,,68.1,81.6,,84.1,94.6,96.7,94.2,78.3,102.2,88.8,120.3,96.5,
336,2009-01,92.4,90.7,101.4,90.0,96.6,92.1,,,91.2,,91.9,,68.2,81.5,,84.1,94.6,96.7,92.2,78.3,100.2,86.0,118.1,95.0,
337,2009-02,92.5,90.6,102.0,90.0,97.0,92.6,,,91.5,,91.9,,68.1,81.4,,84.9,94.6,96.7,90.9,78.3,98.4,85.1,115.0,90.4,
338,2009-03,92.7,91.1,101.5,90.0,97.0,92.6,,,92.0,,91.9,,67.8,81.2,,84.9,94.6,96.7,90.3,78.3,98.0,84.0,113.2,88.3,
339,2009-04,92.6,91.0,101.5,90.0,96.9,92.6,,,92.0,,91.9,,67.1,80.3,,84.9,94.6,96.7,89.5,78.3,97.3,82.9,112.2,86.2,
340,2009-05,92.7,91.0,102.1,90.0,97.0,92.7,,,92.2,,91.9,,66.8,78.9,,84.9,94.6,96.7,89.5,78.7,97.2,83.1,111.8,86.8,
341,2009-06,92.6,90.7,102.1,90.0,96.9,92.7,,,92.3,,91.9,,66.7,79.0,,84.9,94.6,96.7,89.4,79.1,96.1,83.8,111.0,85.7,
342,2009-07,92.5,90.7,102.1,90.0,96.8,92.6,,,92.2,,91.9,,66.8,80.2,,84.9,95.1,96.7,89.9,79.1,96.7,84.3,103.6,87.7,
343,2009-08,92.1,89.6,102.1,90.0,96.9,93.7,,,92.3,,91.9,,67.0,79.6,,84.9,94.6,96.7,90.2,79.3,96.8,84.8,104.0,87.9,
344,2009-09,92.3,89.6,102.1,90.2,97.5,93.7,,,92.5,,93.0,,67.5,79.8,,84.9,93.9,96.1,90.5,79.4,97.0,85.2,103.9,90.1,
345,2009-10,92.3,89.6,101.3,90.2,97.4,93.9,,,92.8,,93.0,,67.8,80.4,,84.9,94.2,96.7,90.9,79.4,97.3,85.8,103.9,91.2,
346,2009-11,92.8,90.5,101.3,90.5,97.6,95.1,,,93.3,,93.0,,68.3,80.1,,85.4,95.0,96.5,91.1,79.5,97.5,86.1,103.5,91.7,
347,2009-12,93.0,91.4,101.3,90.5,97.5,95.1,,,93.5,,93.8,,69.0,80.1,,85.4,95.0,96.6,91.3,79.9,97.7,86.3,103.2,92.8,
348,2010-01,93.6,92.9,101.2,90.6,97.3,95.1,,,93.6,,94.3,,69.7,80.4,,85.4,95.0,96.6,91.9,80.2,98.3,86.9,103.1,93.5,
349,2010-02,93.6,92.9,100.4,90.7,97.5,95.1,,,93.9,,95.1,,69.2,81.7,,87.4,95.0,96.9,92.1,80.4,98.7,87.0,103.1,94.4,
350,2010-03,93.6,92.9,99.8,90.8,97.5,95.1,,,94.4,,95.6,,69.7,81.7,,89.3,95.0,96.9,92.5,80.9,99.1,87.3,103.7,95.3,
351,2010-04,94.1,94.2,99.4,90.8,97.4,95.1,,,94.5,,96.4,,69.8,81.7,,89.3,95.0,96.6,92.6,81.2,99.1,87.4,104.0,95.9,
352,2010-05,94.4,94.5,99.8,90.9,97.9,95.7,,,93.7,,96.5,,70.7,82.5,,89.2,94.8,96.6,93.1,81.5,99.5,87.8,103.6,96.2,
353,2010-06,94.7,94.8,99.5,90.9,99.2,95.7,,,94.0,,96.9,,71.1,82.5,,89.2,94.7,96.6,93.0,82.1,99.3,87.8,103.5,96.0,
354,2010-07,94.7,94.8,99.2,90.9,99.2,95.7,,,94.0,,96.9,,71.1,82.3,,87.6,93.3,94.7,93.0,82.4,99.3,87.7,103.5,95.7,
355,2010-08,94.7,94.8,99.2,90.9,99.1,95.7,,,94.2,,96.8,,71.4,82.9,,87.6,93.8,94.7,93.0,82.8,99.3,87.6,103.5,95.7,
356,2010-09,94.7,94.8,99.2,90.9,99.2,95.7,,,94.5,,96.8,,71.4,82.7,,87.7,93.9,94.7,93.1,82.8,99.3,87.7,103.0,95.0,
357,2010-10,94.7,94.8,99.2,90.9,99.2,96.0,,,94.7,,97.0,,71.6,82.8,,87.4,93.9,94.9,92.7,82.8,99.2,86.8,103.3,95.1,
358,2010-11,96.1,97.8,98.7,91.8,99.0,96.1,,,94.5,,99.0,,72.1,83.2,,87.8,91.8,94.9,92.5,82.8,99.2,86.3,102.8,94.8,
359,2010-12,96.2,97.8,98.7,92.1,99.0,95.6,,,94.0,,99.0,,71.9,82.8,,87.8,91.1,95.0,92.5,84.1,98.9,86.5,102.7,94.7,
360,2011-01,96.2,97.9,98.7,92.1,98.8,96.3,,,94.6,,99.0,,72.4,82.6,,87.8,91.1,95.4,92.6,84.4,98.8,86.8,102.7,94.7,
361,2011-02,96.3,97.9,100.3,92.1,98.7,97.0,,,94.8,,98.8,,73.0,82.8,,87.8,90.6,95.4,92.7,85.2,99.2,86.3,102.7,94.9,
362,2011-03,96.4,97.9,100.3,92.1,99.1,97.0,,,94.9,,98.9,,73.3,82.8,,87.8,89.5,95.5,92.6,85.5,99.2,86.1,102.7,95.2,
363,2011-04,96.3,97.9,100.4,92.1,98.6,97.1,,,95.4,,100.7,,74.0,83.3,,87.8,89.5,95.5,92.5,85.7,98.9,86.1,101.7,95.3,
364,2011-05,96.2,97.7,100.7,92.1,98.6,97.0,,,95.9,,99.6,,75.0,83.2,,88.1,89.5,95.3,92.8,85.8,99.4,86.1,101.9,95.6,
365,2011-06,96.3,97.7,100.7,92.1,98.8,97.3,,,95.6,,100.1,,75.8,83.3,,88.8,89.6,95.3,92.9,86.4,99.8,85.7,101.9,95.7,
366,2011-07,96.4,97.5,102.0,92.3,98.9,97.3,,,95.5,,100.2,,76.2,83.1,,89.1,89.7,95.3,92.6,86.6,99.7,85.0,101.9,95.7,
367,2011-08,96.4,97.5,102.0,92.3,99.1,97.7,,,95.6,,100.8,,76.3,83.1,,89.1,89.4,96.4,92.6,86.8,99.5,85.2,101.4,95.1,
368,2011-09,96.6,97.5,101.9,93.1,98.7,97.7,,,95.7,,101.0,,76.5,83.2,,89.1,89.3,96.3,93.1,87.6,99.8,85.9,101.4,95.2,
369,2011-10,96.6,97.5,102.2,93.1,98.7,97.8,,,95.7,,101.1,,76.9,83.4,,89.1,89.4,96.3,93.4,87.7,100.2,86.1,100.6,95.0,
370,2011-11,96.6,97.5,102.2,93.1,98.7,98.4,,,96.2,,101.1,,77.7,83.3,,89.3,91.9,95.9,93.4,88.0,100.2,85.8,100.4,94.6,
371,2011-12,96.6,97.5,102.2,93.1,98.7,98.7,,,96.0,,101.2,,77.9,83.1,,89.3,92.1,95.9,93.5,88.0,100.2,86.0,100.4,94.4,
372,2012-01,96.4,97.0,101.9,93.1,98.7,98.7,,,96.0,,101.6,,77.9,83.6,,89.3,92.0,96.1,93.6,88.1,99.9,86.5,99.3,94.5,
373,2012-02,96.7,97.0,101.4,94.6,98.2,99.3,,,96.1,,101.9,,78.3,83.7,,89.3,92.8,96.1,93.6,88.6,99.6,86.6,99.3,94.2,
374,2012-03,96.9,97.5,101.4,94.6,98.2,99.8,,,96.2,,102.4,,78.9,84.1,,89.3,92.8,96.2,94.0,88.9,100.2,87.0,98.6,94.0,
375,2012-04,96.9,97.4,101.4,94.7,98.1,100.0,,,96.2,,102.5,,79.3,84.5,,89.8,92.6,96.2,94.2,89.3,100.5,87.0,98.6,93.9,
376,2012-05,97.0,97.6,100.9,94.8,97.9,100.0,,,96.3,,102.8,,80.0,84.9,,89.8,92.8,97.6,94.3,89.5,100.4,87.3,97.5,94.0,
377,2012-06,96.9,97.6,101.0,94.6,97.9,100.1,,,96.4,,103.4,,80.2,85.1,,89.8,92.8,97.3,94.6,89.7,100.4,87.9,98.3,94.1,
378,2012-07,97.4,98.3,101.2,95.3,97.7,100.1,,,96.5,,103.5,,80.2,85.2,,89.8,92.5,97.3,94.7,90.0,100.4,88.1,98.1,94.1,
379,2012-08,97.6,98.4,101.1,95.6,97.8,100.6,,,96.6,,103.4,,80.6,85.3,,90.4,92.5,97.3,94.8,90.2,100.4,88.4,97.9,94.0,
380,2012-09,97.5,98.1,101.2,95.5,98.0,101.1,,,96.6,,103.4,,81.2,85.2,,90.4,92.5,97.3,95.0,90.6,100.5,88.8,97.3,93.9,
381,2012-10,97.5,98.1,101.0,95.5,98.1,101.1,,,97.1,,103.6,,81.5,86.2,,90.4,92.5,97.3,95.2,91.1,100.5,89.2,97.7,94.1,
382,2012-11,97.6,98.1,101.0,96.1,97.8,101.3,,,97.3,,104.1,,81.7,86.5,,91.1,92.6,97.4,95.3,91.5,100.5,89.1,97.0,93.6,
383,2012-12,97.6,98.1,100.0,96.3,97.8,101.5,,,97.3,,104.1,,82.0,86.3,,91.1,92.6,97.4,95.7,91.7,100.8,89.8,96.9,93.1,
384,2013-01,97.8,98.3,101.1,96.5,97.7,101.5,,,97.3,,103.7,,82.3,86.5,,91.1,92.6,97.5,95.9,91.8,100.7,90.4,96.7,93.1,
385,2013-02,98.1,98.2,101.1,97.4,97.9,101.4,,,97.5,,103.4,,82.0,86.5,,91.4,92.6,97.5,96.4,91.9,100.7,91.5,96.7,93.1,
386,2013-03,98.2,98.2,101.1,97.4,98.1,101.4,,,97.5,,103.6,,82.1,86.8,,91.4,93.2,97.5,96.7,92.2,100.7,92.0,96.6,92.9,
387,2013-04,98.7,99.5,101.4,97.4,98.0,101.5,,,97.4,,103.6,,82.2,87.9,,91.4,93.2,97.5,97.1,93.1,100.9,92.8,96.7,93.0,
388,2013-05,98.9,99.5,101.5,97.9,98.2,101.5,,,97.8,,103.2,,82.4,87.9,,91.4,93.2,98.0,97.5,93.8,100.6,93.7,96.7,92.7,
389,2013-06,98.9,99.5,101.8,97.8,98.2,101.5,,,98.0,,103.1,,82.4,87.6,,92.0,93.0,98.0,97.8,94.0,101.0,94.0,96.6,92.3,
390,2013-07,99.3,100.0,101.9,98.2,98.2,101.5,,,97.9,,102.8,,82.8,87.9,,92.0,93.3,98.0,98.0,94.3,100.9,94.7,96.6,92.6,
391,2013-08,99.2,100.0,101.9,98.0,98.2,101.5,,,98.0,,102.5,,82.9,87.9,,92.0,94.4,98.1,98.4,94.3,101.1,95.3,96.5,92.2,
392,2013-09,99.3,100.0,101.9,98.2,98.2,101.5,,,97.9,,102.3,,82.9,88.0,,92.3,94.0,98.1,98.5,94.4,100.6,95.9,96.4,92.2,
393,2013-10,99.3,100.0,101.8,98.3,98.2,101.6,,,97.9,,102.3,,83.0,88.8,,92.8,94.7,98.1,98.6,94.4,100.7,96.0,96.3,91.9,
394,2013-11,99.3,100.0,101.8,98.3,98.3,101.5,,,98.1,,101.7,,83.2,89.3,,93.0,94.6,98.1,98.7,94.4,100.4,96.4,95.7,91.7,
395,2013-12,99.2,100.0,101.8,98.1,98.2,101.6,,,98.1,,101.8,,83.5,89.4,,92.8,94.4,98.1,98.8,94.5,100.4,96.6,95.7,91.5,
396,2014-01,99.2,100.0,101.4,98.1,98.2,101.4,,,98.1,,101.5,,83.7,89.1,,92.8,94.5,98.1,99.5,94.5,100.2,98.3,95.7,91.4,
397,2014-02,99.1,100.0,100.8,98.0,98.1,101.3,,,98.2,,101.6,,84.1,89.7,,93.2,95.2,98.1,100.1,94.7,100.4,99.6,95.7,91.4,
398,2014-03,99.3,100.3,100.3,98.2,98.1,101.3,,,98.1,,101.3,,84.1,89.7,,93.2,95.2,98.1,100.5,94.7,100.5,100.6,95.4,91.3,
399,2014-04,99.3,100.3,100.3,98.1,98.3,101.3,,,98.2,,101.1,,85.0,89.9,,93.2,95.2,98.1,100.6,95.1,100.2,101.2,95.4,90.8,
400,2014-05,99.2,100.1,100.2,98.1,98.3,101.3,,,98.3,,100.6,,85.0,90.3,,93.6,95.3,98.5,101.1,95.2,100.6,102.0,95.4,90.5,
401,2014-06,99.1,100.0,99.9,98.0,98.2,101.4,,,98.2,,100.4,,85.4,91.2,,93.9,95.3,98.5,101.3,95.4,100.7,102.2,95.4,90.3,
402,2014-07,99.0,100.0,99.7,97.9,98.1,101.4,,,98.2,,100.3,,85.3,91.5,,94.2,95.3,98.5,101.4,95.4,100.7,102.5,95.4,90.2,
403,2014-08,99.0,100.0,99.7,97.9,97.7,101.4,,,98.2,,100.3,,85.8,91.9,,94.4,95.3,98.5,101.5,95.4,100.9,102.8,95.2,90.5,
404,2014-09,99.1,100.0,99.5,98.3,97.7,101.4,,,97.9,,100.2,,86.1,92.1,,95.0,95.3,98.5,101.6,94.9,101.0,103.0,94.3,90.5,
405,2014-10,99.1,100.0,99.5,98.4,97.7,101.4,,,98.0,,99.9,,86.2,92.5,,95.0,95.2,98.5,101.7,95.0,101.0,103.3,94.2,91.0,
406,2014-11,99.2,100.2,99.2,98.4,97.7,101.6,,,98.0,,99.7,,86.3,92.9,,95.3,95.2,98.5,101.9,95.0,101.1,103.6,94.2,90.8,
407,2014-12,99.2,100.2,99.6,98.4,97.7,101.6,,,97.8,,99.5,,86.5,93.0,,95.9,95.2,98.5,101.9,95.0,101.0,103.7,94.2,90.7,
408,2015-01,99.2,100.2,99.6,98.4,97.7,101.6,,,97.9,,99.1,,86.3,93.0,,96.4,95.2,98.5,101.8,95.3,100.8,103.8,93.6,90.6,
409,2015-02,99.3,100.2,99.6,98.8,97.7,101.4,,,98.3,,99.1,,86.8,92.9,,96.0,95.2,98.5,101.8,95.4,100.9,103.7,93.6,90.7,
410,2015-03,99.4,100.2,99.8,98.8,97.4,101.5,,,98.4,,98.9,,87.3,93.1,,95.9,95.2,98.5,101.4,95.8,100.8,102.8,93.6,90.6,
411,2015-04,99.4,100.2,100.8,98.8,97.4,101.5,,,98.2,,98.9,,87.7,93.1,,95.6,95.2,98.5,101.2,95.9,100.8,102.4,93.3,91.5,
412,2015-05,99.3,99.9,100.6,98.9,97.4,100.2,,,98.1,,98.9,,87.6,93.2,,95.6,95.4,98.8,101.3,96.0,100.9,102.4,93.3,91.7,
413,2015-06,99.4,99.9,100.3,99.2,97.8,100.5,,,98.0,,98.9,,88.2,93.7,,95.6,95.4,99.0,101.0,96.2,100.8,101.9,93.3,92.1,
414,2015-07,99.5,100.2,100.3,99.0,98.0,100.5,,,98.3,,98.9,,88.6,94.5,,95.9,95.4,98.9,101.0,96.3,100.7,101.7,93.3,92.7,
415,2015-08,99.5,100.2,100.2,99.0,98.0,100.2,,,98.5,,98.8,,89.4,95.3,,96.1,95.6,98.9,101.0,96.3,100.7,101.6,93.0,92.8,
416,2015-09,99.5,100.2,99.0,99.0,98.0,100.2,,,98.5,,99.1,,89.6,95.4,,96.1,95.5,98.9,100.9,96.6,100.7,101.6,93.0,93.3,
417,2015-10,99.5,100.2,99.0,99.2,98.0,100.2,,,98.5,,99.2,,90.2,95.9,,96.1,95.5,98.9,101.1,96.8,101.3,101.7,93.5,93.7,
418,2015-11,99.4,100.4,99.1,98.6,98.2,99.9,,,99.1,,98.9,,90.5,96.0,,96.2,95.2,99.1,101.1,96.9,101.2,101.8,93.5,94.4,
419,2015-12,99.5,100.4,99.1,98.8,98.2,99.9,,,99.1,,99.0,,90.7,96.0,,96.2,95.2,98.9,101.1,97.0,101.2,101.8,93.5,94.6,
420,2016-01,99.5,100.4,99.1,98.8,98.0,99.9,,,99.1,,99.0,,91.0,96.1,,96.7,95.2,98.9,101.1,97.2,101.1,101.8,93.5,95.1,
421,2016-02,99.6,100.4,100.6,98.8,98.0,99.9,,,99.4,,98.9,,91.7,96.9,,97.1,95.2,98.9,100.8,97.2,101.0,101.3,93.8,96.4,
422,2016-03,99.5,100.2,100.6,98.8,98.0,99.9,,,99.4,,98.7,,92.2,96.9,,98.0,95.7,98.9,100.8,97.5,101.0,101.3,93.8,97.0,
423,2016-04,99.5,100.2,100.5,98.8,98.0,99.9,,,99.5,,98.7,,93.1,96.9,,98.0,95.4,98.9,100.8,97.8,101.0,101.3,95.0,97.3,
424,2016-05,99.5,100.2,100.0,98.9,98.0,99.9,,,99.5,,98.9,,95.7,97.1,,98.0,96.3,98.7,100.6,98.1,101.0,100.8,96.4,99.0,
425,2016-06,99.5,100.2,100.0,98.9,98.0,99.9,,,99.5,,99.2,,96.1,97.1,,98.0,97.1,98.9,100.0,98.4,100.4,99.9,96.9,99.3,
426,2016-07,99.4,99.8,100.0,99.3,98.0,100.1,,,99.5,,99.3,,97.5,98.2,,97.8,96.8,98.9,100.1,98.6,100.5,100.0,97.9,100.1,
427,2016-08,99.4,99.7,100.0,99.3,98.1,100.1,,,99.5,,99.0,,98.4,98.6,,98.3,96.8,99.4,100.0,98.9,100.3,100.0,97.9,100.1,
428,2016-09,99.7,100.1,100.0,99.1,99.6,100.0,,,100.0,,99.0,,98.5,98.6,,98.5,97.9,99.8,99.8,99.2,99.9,99.7,98.6,100.4,
429,2016-10,99.9,100.1,100.0,99.7,100.0,100.1,,,100.0,,99.4,,100.0,98.6,,98.6,99.4,100.0,99.7,99.9,100.0,99.4,99.5,100.4,
430,2016-11,100.0,100.0,100.0,100.0,100.0,100.1,,,99.9,,99.6,,100.0,99.6,,100.1,99.8,100.0,99.8,100.0,99.8,99.8,100.0,100.0,
431,2016-12,100.0,100.0,100.0,100.0,100.0,100.0,100.0,100.0,100.0,100.0,100.0,100.0,100.0,100.0,100.0,100.0,100.0,100.0,100.0,100.0,100.0,100.0,100.0,100.0,100.0
432,2017-01,99.9,99.5,100.0,100.2,100.2,100.2,100.0,100.0,100.2,99.7,100.0,100.0,99.5,101.0,100.0,101.1,100.4,99.1,100.0,100.5,100.0,99.8,100.3,99.6,100.0
433,2017-02,99.9,99.5,100.0,100.2,100.0,100.2,99.9,100.0,100.4,99.7,100.1,101.6,100.2,102.2,101.5,101.2,101.1,99.4,100.1,100.7,100.4,99.5,101.7,99.4,100.1
434,2017-03,99.8,99.3,100.0,100.3,100.0,99.9,99.8,100.0,100.3,99.7,100.7,103.0,100.2,102.2,102.6,101.5,101.3,99.6,100.1,100.8,100.6,99.5,101.7,100.1,100.1
435,2017-04,99.7,99.2,100.0,100.0,100.0,100.0,99.8,100.0,100.5,99.8,101.1,103.2,102.3,102.2,102.6,103.8,101.3,99.6,100.2,101.8,100.2,99.8,101.7,100.9,100.1
436,2017-05,99.9,99.2,99.8,100.6,100.0,100.1,99.8,100.0,100.6,100.1,101.5,103.2,103.2,102.2,104.4,105.7,101.0,99.6,100.0,102.6,100.2,99.1,101.7,103.2,101.0
437,2017-06,99.8,99.1,99.7,100.6,100.0,100.4,99.8,100.0,100.6,100.7,102.1,103.2,103.2,102.2,104.4,105.5,101.0,99.6,99.9,103.0,99.8,99.3,101.7,105.7,101.0
438,2017-07,100.2,99.3,100.4,101.0,100.5,100.4,99.8,100.0,101.0,100.8,102.3,103.2,103.2,104.3,104.4,106.7,101.0,99.6,100.2,103.2,99.8,100.2,101.7,108.9,102.4
439,2017-08,99.9,98.6,100.4,100.9,100.5,100.4,99.5,100.0,101.0,100.8,102.7,103.2,103.2,104.3,104.4,108.0,101.4,99.6,100.3,103.6,99.9,100.3,101.7,108.9,103.7
440,2017-09,100.0,98.6,100.4,101.0,100.5,100.4,99.9,100.0,101.2,101.3,102.7,104.1,103.2,104.3,104.4,108.3,101.4,99.6,100.2,104.1,99.7,100.2,101.7,109.3,104.4
441,2017-10,100.0,98.6,100.4,101.4,100.5,100.4,99.9,100.0,101.6,101.6,104.0,104.1,103.3,104.3,104.4,108.3,101.3,99.6,100.3,104.2,99.7,100.2,102.0,109.8,104.4
442,2017-11,100.2,98.8,100.4,101.4,100.9,100.5,99.8,100.3,101.6,101.7,104.6,104.1,103.3,104.3,104.5,108.7,101.8,99.6,100.4,104.4,99.9,100.5,102.0,109.8,104.4
443,2017-12,100.3,98.8,100.4,101.3,101.1,100.5,99.8,100.3,101.6,101.8,104.7,104.1,103.3,104.1,104.6,108.9,101.9,99.6,100.2,104.5,99.9,100.1,102.0,109.9,104.4
444,2018-01,100.3,98.8,100.4,101.3,101.3,100.5,99.8,100.7,102.2,101.8,104.8,104.0,103.2,104.4,104.6,109.5,102.2,99.6,100.2,104.6,99.7,100.1,102.0,109.9,104.4
445,2018-02,100.3,98.8,100.4,101.3,101.3,100.5,99.8,100.7,102.9,101.8,105.4,103.9,102.0,104.3,104.6,110.0,102.4,99.6,99.8,104.6,99.4,99.5,102.0,109.9,104.4
446,2018-03,100.5,98.8,100.6,101.8,101.3,100.5,99.8,100.7,102.9,101.8,107.0,103.9,101.6,104.5,104.7,111.0,102.9,99.8,99.6,104.7,99.4,99.0,103.5,109.9,104.4
447,2018-04,100.6,98.8,100.7,102.3,101.2,100.4,100.3,100.7,102.9,102.3,107.1,103.8,101.0,104.7,104.7,111.2,104.1,99.8,99.5,104.7,99.3,98.9,103.5,109.9,104.4
448,2018-05,100.5,98.6,100.6,102.2,101.2,100.4,100.3,100.7,103.1,102.3,107.2,103.7,100.9,105.0,105.2,111.7,104.4,100.0,99.5,105.0,99.3,98.8,103.5,109.9,104.8
449,2018-06,100.4,98.3,100.5,102.2,101.2,100.4,100.2,100.7,104.1,102.5,108.1,103.4,100.9,105.2,105.2,111.8,104.4,100.5,99.7,105.3,99.4,99.1,103.5,110.2,104.8
450,2018-07,100.4,98.4,100.5,102.5,101.0,100.5,100.0,100.7,104.3,102.4,108.2,103.4,101.2,105.3,105.2,112.3,104.6,100.5,99.8,105.3,99.5,99.5,103.5,110.0,104.8
451,2018-08,100.5,98.4,100.6,102.5,101.2,100.5,100.0,100.7,104.7,102.4,108.9,103.4,101.2,105.4,105.2,112.7,104.6,100.8,99.4,105.4,98.8,99.1,103.5,109.4,104.8
452,2018-09,100.3,97.9,100.3,102.2,101.2,100.5,100.4,100.7,104.9,102.3,109.2,103.0,100.8,104.9,105.2,113.2,104.7,100.8,99.2,105.4,98.8,98.8,103.3,110.1,104.5
453,2018-10,100.1,97.7,100.1,102.0,100.9,100.5,100.4,101.2,105.1,102.7,109.7,102.5,100.7,105.0,105.3,113.4,105.7,100.8,99.2,105.7,99.0,98.3,103.3,110.1,104.6
454,2018-11,99.9,97.2,99.9,102.0,100.9,100.5,100.4,101.2,105.6,102.6,110.4,102.4,100.8,105.0,105.1,113.5,105.7,100.8,99.1,105.7,98.8,98.5,103.2,109.7,104.4
455,2018-12,99.9,97.2,100.0,102.0,100.9,100.5,100.9,101.2,105.5,102.9,111.0,102.2,100.7,105.1,105.3,113.6,105.7,100.6,99.2,105.6,98.9,98.8,103.2,109.4,104.2
456,2019-01,100.0,97.3,100.0,102.4,100.9,100.5,100.9,101.5,105.7,102.8,111.2,102.2,100.3,105.1,105.3,113.6,105.7,100.9,99.1,105.9,98.7,98.6,103.1,109.4,104.1
457,2019-02,100.1,97.3,100.0,102.6,100.9,100.5,100.9,101.5,105.8,102.9,111.3,101.9,100.3,105.1,105.1,114.4,106.4,101.2,99.0,105.9,98.6,98.6,103.5,108.8,104.2
458,2019-03,100.1,97.3,100.0,102.6,100.9,100.5,101.1,101.8,105.9,103.4,111.5,101.7,100.3,104.9,105.0,114.8,106.6,101.2,98.9,106.2,98.3,98.4,102.7,109.0,104.2
459,2019-04,100.0,96.9,100.0,102.6,101.0,100.5,101.1,101.8,105.9,104.0,112.2,101.7,100.1,105.3,105.0,115.3,106.9,101.2,98.4,106.2,98.2,97.5,101.9,108.5,104.2
460,2019-05,100.3,96.9,101.2,103.2,101.0,100.5,101.1,101.8,106.2,104.2,113.0,102.0,99.7,105.3,105.5,115.5,106.9,101.2,98.2,106.1,97.8,97.4,101.1,107.9,103.7
461,2019-06,100.1,96.1,101.2,103.2,101.0,100.3,101.1,101.8,106.6,105.5,113.8,102.1,99.8,106.3,106.0,116.0,106.9,100.9,97.5,105.7,97.6,95.8,100.4,107.7,104.2
462,2019-07,100.4,95.9,101.2,103.4,101.8,100.3,101.1,101.8,109.1,105.8,115.1,102.1,98.5,106.6,106.4,116.1,106.7,101.2,97.2,106.2,96.8,95.8,100.4,107.0,104.4
463,2019-08,100.5,95.8,101.2,103.2,102.3,100.2,103.4,102.4,110.4,105.7,115.7,101.6,98.3,106.4,106.4,116.1,106.8,101.7,97.2,106.2,96.9,95.8,100.5,107.0,104.3
464,2019-09,100.7,95.8,102.4,103.2,102.7,100.2,103.3,103.5,111.2,106.1,116.6,102.1,98.9,106.6,106.3,117.1,107.0,101.7,97.3,106.5,97.0,95.7,100.8,106.8,104.0
465,2019-10,100.8,96.3,102.4,103.2,102.7,100.2,103.3,103.5,112.4,107.3,118.1,101.1,99.1,106.0,107.6,117.4,107.4,101.7,97.0,106.6,96.7,95.3,100.8,106.2,104.3
466,2019-11,100.9,96.3,102.4,103.2,102.7,100.5,103.3,103.5,114.0,107.3,119.6,101.1,99.1,106.1,107.4,117.5,107.7,101.7,96.3,106.2,95.1,95.6,100.7,104.8,104.5
467,2019-12,100.9,96.3,102.4,103.2,102.8,100.6,103.3,103.5,114.3,107.0,120.6,101.3,99.3,106.2,107.4,117.6,107.7,101.4,96.6,106.7,95.7,95.6,101.0,105.1,104.5
468,2020-01,101.1,96.3,102.4,103.7,102.8,100.6,103.9,103.5,114.7,107.8,122.5,102.0,98.7,106.1,107.4,117.9,107.8,102.7,96.4,106.5,96.1,95.0,101.0,104.3,105.5
469,2020-02,101.4,96.3,102.4,104.5,102.8,100.6,103.9,103.5,115.3,108.2,124.2,102.7,99.3,106.4,107.8,118.0,108.6,102.7,96.6,106.7,96.0,95.5,102.2,104.6,105.3
470,2020-03,101.5,96.0,102.4,104.5,103.1,100.6,103.9,103.5,116.4,109.0,126.1,101.7,99.7,107.0,109.0,118.8,108.6,102.7,96.4,106.7,96.4,94.6,102.1,105.2,105.3
471,2020-04,101.6,96.0,102.4,104.7,103.4,100.6,103.9,103.5,116.7,109.2,126.7,101.7,99.7,107.2,109.7,119.0,108.6,102.7,96.2,106.9,96.0,94.5,102.1,105.2,105.3
472,2020-05,101.9,96.0,103.1,105.3,103.4,100.5,103.9,103.5,116.7,109.7,128.2,101.7,99.7,107.3,110.3,119.6,108.6,102.7,96.2,106.7,96.0,94.5,102.1,105.2,105.2
473,2020-06,102.1,96.0,103.1,105.8,103.4,100.6,103.9,103.5,117.2,109.7,128.4,101.7,99.7,107.1,111.0,119.7,108.6,102.7,96.2,107.3,96.0,94.4,102.1,105.2,105.9
474,2020-07,102.3,95.7,103.1,106.4,103.4,100.8,103.9,104.0,118.0,109.7,129.8,102.3,99.6,108.4,111.7,120.0,109.6,102.7,95.8,107.4,95.7,93.5,102.1,105.8,106.1
475,2020-08,103.1,95.8,103.1,108.1,103.4,102.4,103.9,104.3,118.0,109.7,131.5,104.7,100.1,109.3,112.3,120.8,110.2,103.2,95.8,108.3,95.6,93.3,102.5,107.3,107.5
476,2020-09,104.4,97.2,105.7,109.3,104.5,103.3,103.9,105.8,119.5,111.1,135.1,105.1,100.9,113.0,115.4,121.5,111.6,103.5,96.5,110.8,96.0,94.0,106.0,110.1,108.0
477,2020-10,105.8,100.3,105.7,111.0,104.5,103.8,103.9,108.5,121.8,112.1,137.9,105.1,101.9,113.0,117.1,121.7,112.8,103.7,96.9,110.7,96.5,94.4,106.3,112.3,108.0
478,2020-11,106.6,101.1,107.1,112.2,104.5,105.6,103.9,108.5,123.9,114.8,141.3,106.7,102.0,113.4,118.9,122.0,112.9,103.7,97.5,111.2,97.2,95.1,107.0,112.6,108.8
479,2020-12,106.7,101.4,107.0,112.2,104.5,107.1,103.9,108.5,125.0,115.8,143.0,108.4,102.6,114.8,118.9,122.9,113.2,104.0,97.4,111.0,96.9,95.2,109.0,112.4,108.8
480,2021-01,107.0,101.3,111.3,112.2,104.4,110.5,103.9,109.0,124.9,115.8,145.6,111.0,103.9,120.9,119.2,125.5,115.5,106.5,97.8,112.9,97.0,95.5,109.1,112.5,110.2
481,2021-02,109.0,101.3,111.5,115.5,105.9,114.7,103.9,109.4,126.2,115.4,146.6,114.0,104.7,120.9,126.4,126.0,116.3,107.7,99.1,115.3,98.2,96.7,110.2,116.0,112.0
482,2021-03,111.2,102.5,116.0,117.0,109.4,119.2,103.9,109.4,128.6,117.1,151.7,114.0,105.7,120.9,127.2,127.5,118.2,108.2,100.3,116.9,99.4,97.8,115.8,116.3,115.2
483,2021-04,113.4,103.3,117.5,120.0,111.3,119.3,103.9,109.4,138.8,117.5,160.9,114.0,107.1,120.9,128.9,128.5,128.1,118.6,102.8,122.3,100.1,101.6,117.2,114.8,117.7
484,2021-05,114.5,102.8,121.9,122.3,110.2,119.4,103.9,109.4,141.6,118.2,165.1,114.0,107.3,120.9,128.9,135.3,131.0,119.3,106.8,129.9,103.2,105.7,117.8,117.1,118.8
485,2021-06,114.8,103.5,121.9,122.3,110.8,119.4,105.2,110.7,143.0,119.1,167.8,114.0,107.5,120.9,132.8,136.5,133.0,119.3,109.8,133.0,104.0,111.0,118.1,118.0,120.5
486,2021-07,115.3,103.6,123.8,122.3,112.2,119.4,105.2,110.7,144.9,119.2,168.8,121.0,107.8,120.9,132.8,136.6,133.2,121.4,110.4,133.7,105.1,110.8,119.7,118.3,121.9
487,2021-08,115.9,103.7,123.9,122.3,114.6,119.4,105.2,110.7,146.6,119.2,173.4,121.3,108.9,120.9,132.8,142.6,133.3,121.4,110.3,135.2,104.2,111.3,119.7,119.3,121.9
488,2021-09,115.8,103.1,123.8,122.3,114.6,121.5,105.2,110.7,149.7,119.2,174.2,124.6,108.9,120.9,132.8,142.6,136.9,120.6,110.2,135.5,103.8,111.3,121.4,120.7,121.9
489,2021-10,115.9,103.1,123.8,122.3,114.7,121.8,106.2,110.7,150.2,119.0,175.1,123.8,110.6,120.9,132.8,146.4,137.1,120.5,110.6,138.6,103.5,111.6,126.3,122.0,122.5
490,2021-11,116.1,104.7,123.8,122.3,114.7,122.4,106.2,110.7,151.9,120.1,175.6,124.2,112.2,120.9,134.0,151.3,138.8,121.7,110.8,139.7,103.2,112.2,126.3,123.3,122.5
491,2021-12,116.5,104.7,123.6,122.3,116.2,123.2,107.1,110.7,152.6,120.1,175.9,124.2,112.2,120.9,134.1,151.2,139.0,121.7,111.7,144.1,103.6,112.7,126.7,123.6,122.5
492,2022-01,116.7,106.7,123.6,122.3,116.2,125.2,108.1,112.6,152.6,120.1,178.4,125.3,112.2,120.9,134.1,152.6,139.7,121.7,114.1,146.7,105.3,116.1,128.2,126.3,122.5
493,2022-02,117.5,106.7,123.6,122.3,119.1,130.6,108.3,112.6,154.8,120.1,179.3,125.3,113.4,121.9,134.1,153.3,139.7,121.7,118.4,148.9,109.2,122.0,128.8,126.7,122.9
494,2022-03,118.4,106.7,125.5,123.9,119.1,131.3,112.4,112.6,160.0,120.1,181.7,125.3,114.6,121.9,134.1,155.9,143.1,121.7,122.6,155.0,111.3,128.3,132.1,127.0,126.3
495,2022-04,118.9,106.7,125.5,123.9,121.1,131.3,113.1,112.6,159.2,120.1,185.0,125.3,114.6,121.9,134.1,155.9,144.1,121.7,124.3,156.9,112.0,131.1,132.1,127.2,126.3
496,2022-05,120.9,106.7,125.5,127.5,121.1,132.6,113.1,112.6,161.1,120.5,187.4,125.3,114.6,121.9,134.1,156.1,147.4,122.3,126.1,158.6,113.5,133.4,132.1,127.2,128.3
497,2022-06,121.1,107.4,126.9,127.5,121.1,133.3,113.1,112.6,160.9,120.5,188.9,125.3,114.6,121.9,134.1,156.1,149.0,122.5,126.2,158.6,113.6,133.6,132.1,127.2,128.3
498,2022-07,121.1,107.4,127.3,127.5,121.1,133.3,113.1,112.6,160.6,120.5,190.2,125.3,114.6,121.9,134.1,156.1,149.0,122.5,125.9,158.6,113.2,133.2,132.1,127.6,128.4
499,2022-08,121.1,107.4,127.3,127.5,121.1,133.3,113.1,112.6,160.7,120.5,189.4,125.3,114.6,121.9,134.1,156.1,149.0,122.5,126.5,158.6,113.4,133.6,132.1,127.6,128.5
500,2022-09,121.2,108.1,127.0,127.5,121.1,133.3,113.1,112.6,160.6,120.5,189.4,125.3,114.6,121.3,134.1,156.1,148.5,122.5,126.4,158.6,113.5,133.0,132.1,127.6,128.5
