,REF_DATE,stone_VALUE,crushedStone_VALUE,logsbolts_VALUE,ironOres_concentrates_VALUE,REF_DATE,HPI_nfland_labrador,HPI_charlottetown_pei,HPI_halifax_ns,HPI_stjohn_fredericton_moncton,HPI_quebec_qc,HPI_sherbrooke_qc,HPI_troisriv_qc,HPI_mtl_qc,HPI_ottawa_gatineau_qc,HPI_ottawa_gatineau_ont,HPI_oshawa_ont,HPI_toronto_ont,HPI_hamilton_ont,HPI_guelph_ont,HPI_london_ont,HPI_windsor_ont,HPI_sudbury_ont,HPI_winnipeg_manitoba,HPI_edmonton_alb,HPI_calgary_alb,HPI_victoria_bc,HPI_vancouver_bc,HPI_kelowna_bc,Interest_Rate_Central_Bank,CPI_inflation,unemployment_rate
0,1981-01,6221.6308,5454.027,7130.6353,9534.4472,1981-01,37.5,,,61.4,34.9,,,30.0,,30.8,,22.6,24.8,,27.0,64.9,54.6,29.3,36.5,27.8,206.8,96.1,,17.0,12.200956937799,7.4
1,1981-02,6282.231100000001,5454.027,7130.6353,10261.6508,1981-02,37.5,,,62.1,35.4,,,30.2,,30.8,,23.2,24.9,,27.5,64.9,55.6,29.7,36.8,28.1,209.1,97.5,,17.14,12.0567375886525,7.4
2,1981-03,6403.4317,5494.4272,7231.6358,10201.0505,1981-03,37.5,,,62.1,35.4,,,30.5,,31.9,,24.8,25.3,,28.2,64.1,55.6,30.3,36.8,28.6,210.6,97.5,,16.59,12.6760563380282,7.3
3,1981-04,6443.8319,5534.8274,7312.436200000001,8968.8444,1981-04,37.5,,,62.1,35.7,,,30.8,,32.0,,26.5,25.6,,28.6,63.9,57.0,30.5,36.9,30.1,210.6,97.7,,17.4,12.5874125874126,7.1
4,1981-05,6423.6318,5413.6268,7393.2366,9009.2446,1981-05,37.7,,,63.3,36.1,,,31.1,,32.7,,27.7,26.4,,28.6,63.9,57.0,31.1,38.2,30.1,212.4,97.7,,19.06,12.2119815668203,7.2
5,1981-06,6484.2321,5433.8269,7393.2366,9009.2446,1981-06,37.7,,,63.3,36.1,,,31.5,,33.5,,27.7,26.6,,29.1,63.9,57.2,31.8,38.4,30.6,210.6,98.2,,19.07,12.756264236902,7.3
6,1981-07,6484.2321,5433.8269,7433.636799999999,9009.2446,1981-07,37.7,,,63.6,36.2,,,31.7,,33.5,,27.7,26.6,,29.7,63.9,57.2,32.0,38.4,30.6,206.2,97.7,,19.89,12.8959276018099,7.3
7,1981-08,6544.8324,5433.8269,7433.636799999999,9150.6453,1981-08,37.8,,,64.6,36.6,,,31.7,,33.9,,28.0,26.7,,29.7,63.9,57.5,32.9,38.8,30.7,206.2,89.8,,21.03,12.5279642058165,7.2
8,1981-09,6504.432200000001,5433.8269,7312.436200000001,8423.441700000001,1981-09,37.8,,,64.6,36.6,,,32.1,,33.9,,28.1,26.7,,29.7,60.8,57.5,32.9,38.8,30.7,200.8,89.3,,19.63,12.6666666666667,8.4
9,1981-10,6504.432200000001,5433.8269,6908.434200000001,9009.2446,1981-10,37.8,,,62.7,36.6,,,32.4,,33.9,,28.1,26.7,,29.7,60.8,57.5,32.9,38.8,30.8,200.6,85.2,,18.3,12.7753303964758,8.4
10,1981-11,6484.2321,5433.8269,6868.034000000001,8908.2441,1981-11,38.5,,,62.7,36.8,,,32.7,,35.2,,28.1,26.7,,29.7,60.8,58.6,32.9,39.1,31.0,198.5,81.1,,15.4,12.1739130434783,8.4
11,1981-12,6645.832899999999,5454.027,6827.6338,8948.6443,1981-12,38.5,,,62.7,36.8,,,33.1,,35.2,,28.1,26.7,,29.7,60.8,58.6,33.6,39.1,31.1,204.2,80.2,,14.66,12.1212121212121,8.8
12,1982-01,6888.234100000001,5858.029,6827.6338,8948.6443,1982-01,38.0,,,62.7,37.3,,,33.6,,36.0,,28.2,26.7,,29.7,60.8,58.6,33.6,39.3,31.3,204.2,79.6,,14.72,11.3006396588486,8.7
13,1982-02,7070.035,5898.4292,6827.6338,9090.045,1982-02,38.0,,,62.2,37.8,,,33.5,,36.2,,28.0,27.0,,29.7,60.8,59.1,33.6,39.7,31.6,193.1,78.0,,14.74,11.3924050632911,9.0
14,1982-03,7110.435200000001,5959.029500000001,6868.034000000001,9413.2466,1982-03,38.0,,,62.1,37.8,,,33.5,,36.1,,28.0,27.0,,29.7,60.8,59.4,33.8,39.3,31.7,184.9,73.2,,15.11,11.4583333333333,9.4
15,1982-04,7272.036,6201.4307,6827.6338,9413.2466,1982-04,37.3,,,62.1,37.9,,,33.5,,36.3,,28.0,27.0,,29.7,60.8,58.4,33.9,38.8,31.7,180.1,72.6,,15.32,11.3871635610766,9.9
16,1982-05,7352.8364,6241.8309,6787.2336000000005,9494.047,1982-05,37.3,,,62.1,38.0,,,33.5,,36.3,,27.9,27.0,,29.7,58.7,58.9,33.9,36.9,31.6,181.6,70.7,,15.32,11.9096509240246,10.4
17,1982-06,7272.036,6241.8309,6686.2331,9736.4482,1982-06,37.3,,,62.1,38.1,,,33.5,,36.3,,27.9,28.6,,29.7,58.2,58.9,33.9,36.6,31.1,179.9,70.1,,16.58,11.3131313131313,11.1
18,1982-07,7352.8364,6443.8319,6504.432200000001,9675.8479,1982-07,37.3,,,61.4,38.1,,,33.8,,36.3,,27.9,28.6,,29.7,58.2,58.9,33.9,36.5,30.9,181.1,70.9,,15.6,11.0220440881764,12.0
19,1982-08,7312.436200000001,6443.8319,6484.2321,9797.0485,1982-08,37.3,,,61.4,38.5,,,33.9,,36.3,,27.2,28.6,,29.7,58.2,58.4,34.2,36.2,30.6,182.7,71.9,,14.26,10.5367793240557,12.0
20,1982-09,7292.2361,6443.8319,6403.4317,9696.048,1982-09,37.3,,,61.4,38.9,,,34.0,,36.3,,27.1,29.2,,29.7,58.2,59.5,34.2,36.0,28.7,186.7,73.1,,13.18,10.2564102564103,12.3
21,1982-10,7373.0365,6443.8319,6383.2316,9675.8479,1982-10,37.3,,,60.8,38.9,,,34.3,,37.0,,26.6,29.6,,29.4,55.9,59.5,34.0,35.7,28.3,186.7,73.5,,11.53,9.96093749999999,12.8
22,1982-11,7575.0375,6484.2321,6302.4312,9635.4477,1982-11,37.3,,,60.8,39.0,,,34.0,,37.2,,26.7,29.6,,29.4,56.4,59.5,34.0,35.2,28.1,185.3,74.1,,10.87,9.68992248062016,12.9
23,1982-12,7494.2371,6484.2321,6302.4312,9716.2481,1982-12,37.3,,,60.8,39.1,,,34.0,,37.3,,26.4,29.7,,29.5,57.3,59.5,33.6,35.1,28.0,184.5,73.6,,10.26,9.26640926640928,13.2
24,1983-01,7676.0380000000005,6746.8333999999995,6504.432200000001,9635.4477,1983-01,37.3,,,60.8,39.5,,,34.1,,37.3,,26.5,29.7,,29.5,57.3,59.5,33.6,36.4,27.2,185.5,74.4,,9.81,8.23754789272031,13.0
25,1983-02,7938.6393,6827.6338,6625.632799999999,9635.4477,1983-02,37.3,,,60.8,39.8,,,33.8,,37.8,,26.3,29.7,,29.5,57.3,59.5,33.6,35.7,27.4,185.5,75.8,,9.43,7.57575757575756,13.0
26,1983-03,7918.439200000001,6827.6338,6645.832899999999,9635.4477,1983-03,37.3,,,60.8,39.8,,,33.6,,38.2,,26.2,29.7,,29.6,57.3,59.5,33.6,35.7,27.0,183.2,75.5,,9.42,7.28971962616822,12.9
27,1983-04,8059.8399,7049.8349,6868.034000000001,9696.048,1983-04,37.3,,,62.2,40.1,,,33.8,,38.8,,26.1,29.7,,29.3,57.5,59.5,33.8,35.6,26.1,183.2,75.8,,9.46,6.69144981412638,12.7
28,1983-05,8059.8399,7049.8349,6969.0345,9655.647799999999,1983-05,37.3,,,62.2,40.8,,,34.3,,38.8,,26.0,29.7,,29.8,58.6,60.8,33.7,35.4,25.0,183.2,75.8,,9.38,5.5045871559633,12.6
29,1983-06,8059.8399,7049.8349,7009.434700000001,9716.2481,1983-06,36.8,,,62.6,41.2,,,34.5,,38.8,,26.2,29.7,,30.0,58.6,60.8,33.7,35.4,24.9,186.5,75.8,,9.42,5.44464609800363,12.4
30,1983-07,7999.239600000001,6948.8344,7191.235600000001,9696.048,1983-07,36.8,,,63.6,41.4,,,34.8,,38.8,,26.1,29.7,,30.5,58.6,60.8,34.3,35.3,24.9,187.3,76.1,,9.51,5.41516245487362,12.0
31,1983-08,7958.8394,6948.8344,7191.235600000001,9696.048,1983-08,38.2,,,64.6,42.0,,,35.4,,40.0,,26.2,29.9,,30.5,58.6,60.9,34.3,35.6,24.8,187.3,76.0,,9.57,5.57553956834533,11.7
32,1983-09,7958.8394,6948.8344,7130.6353,9696.048,1983-09,38.2,,,64.9,42.0,,,35.6,,40.1,,26.1,30.1,,30.6,60.0,60.9,34.6,35.6,24.5,189.1,76.0,,9.52,5.00894454382827,11.4
33,1983-10,7958.8394,6969.0345,7070.035,9675.8479,1983-10,38.2,,,64.9,42.1,,,35.6,,41.2,,26.1,30.3,,30.6,60.2,61.3,34.6,35.6,24.2,187.8,76.1,,9.45,4.97335701598581,11.3
34,1983-11,8080.04,6989.234600000001,7110.435200000001,9696.048,1983-11,38.2,,,65.0,42.2,,,35.9,,41.7,,26.1,30.3,,30.5,62.5,61.3,34.6,35.9,24.0,187.8,76.1,,9.63,4.41696113074205,11.3
35,1983-12,8120.440200000001,7090.235100000001,7191.235600000001,9776.8484,1983-12,38.1,,,66.0,42.2,,,36.0,,41.8,,26.1,30.4,,30.5,62.5,62.2,34.6,36.0,23.3,185.8,76.1,,10.04,4.59363957597173,11.4
36,1984-01,8140.6403,7171.0355,7191.235600000001,9756.648299999999,1984-01,38.1,,,66.0,42.2,,,36.1,,41.9,,26.1,31.3,,30.6,63.2,62.8,34.6,35.2,23.1,185.2,76.2,,9.98,5.4867256637168,11.5
37,1984-02,8120.440200000001,7171.0355,7514.4372,9756.648299999999,1984-02,38.0,,,68.3,42.5,,,36.6,,42.9,,26.0,31.3,,31.5,63.4,65.7,34.8,35.1,23.2,185.3,76.4,,10.04,5.45774647887325,11.5
38,1984-03,8181.0405,7231.6358,7635.6377999999995,9938.449200000001,1984-03,38.1,,,69.2,42.5,,,36.7,,43.0,,26.2,31.5,,31.7,63.4,63.7,35.1,34.9,23.2,187.6,76.8,,10.76,4.52961672473868,11.5
39,1984-04,8261.8409,7332.636299999999,7777.038500000001,9958.6493,1984-04,38.1,,,69.2,42.6,,,36.7,,44.0,,26.1,31.5,,32.0,63.8,63.9,35.0,34.9,23.2,187.6,76.9,,10.82,4.87804878048782,11.7
40,1984-05,8241.6408,7332.636299999999,7777.038500000001,10059.6498,1984-05,38.3,,47.4,69.2,42.8,,,36.7,,44.1,,26.3,31.5,,32.0,63.8,63.9,35.1,34.1,23.3,186.5,76.9,,11.6,4.69565217391305,11.9
41,1984-06,8241.6408,7332.636299999999,7554.8374,10100.050000000001,1984-06,38.9,,47.8,69.2,42.9,,,36.7,,43.9,,26.3,31.5,,32.0,64.1,63.9,35.1,33.7,22.9,185.2,76.9,,11.98,4.30292598967297,11.3
42,1984-07,8241.6408,7332.636299999999,7191.235600000001,10261.6508,1984-07,38.9,,47.9,69.2,43.1,,,36.7,,43.3,,26.4,31.5,,32.1,64.1,63.9,35.1,33.1,22.9,182.1,76.9,,13.24,4.1095890410959,11.2
43,1984-08,8241.6408,7332.636299999999,6827.6338,10100.050000000001,1984-08,38.9,,47.9,69.2,43.5,,,36.9,,43.4,,26.3,31.6,,32.1,64.1,63.9,35.4,33.0,22.7,177.2,76.5,,12.39,3.57751277683133,11.3
44,1984-09,8241.6408,7332.636299999999,6706.4332,10180.8504,1984-09,38.9,,47.9,69.2,43.7,,,36.9,,42.6,,26.3,31.7,,32.1,63.9,63.9,35.4,33.0,22.6,175.8,76.0,,12.28,3.74787052810901,11.8
45,1984-10,8221.440700000001,7332.636299999999,6645.832899999999,10261.6508,1984-10,38.9,,48.7,69.2,43.7,,,36.9,,42.4,,26.5,31.9,,32.1,63.4,63.9,35.4,33.0,22.6,172.6,75.7,,11.71,3.38409475465311,11.5
46,1984-11,8342.6413,7554.8374,6666.033,10201.0505,1984-11,38.9,,48.9,71.3,43.7,,,37.0,,42.5,,26.5,32.1,,32.1,63.8,64.0,35.4,32.0,22.7,175.0,75.1,,10.78,3.89170896785109,11.4
47,1984-12,8342.6413,7554.8374,6686.2331,10221.250600000001,1984-12,39.3,,48.8,71.3,43.8,,,37.2,,42.7,,26.5,32.3,,32.1,63.8,64.3,35.4,32.0,22.7,175.0,75.1,,10.16,3.7162162162162,11.2
48,1985-01,8504.242100000001,7635.6377999999995,6726.6332999999995,10261.6508,1985-01,38.9,,49.4,71.3,44.1,,,37.3,,43.0,,26.6,32.3,,32.1,63.8,64.3,35.9,32.2,22.7,175.2,75.1,,9.66,3.52348993288591,10.8
49,1985-02,8484.042,7635.6377999999995,6746.8333999999995,10322.251100000001,1985-02,39.0,,49.6,72.0,44.3,,,37.3,,42.7,,26.7,32.3,,32.2,63.8,63.3,36.0,31.3,23.0,175.2,75.1,,10.95,3.67278797996661,10.9
50,1985-03,8504.242100000001,7635.6377999999995,7009.434700000001,10625.2526,1985-03,39.0,,49.6,74.1,44.6,,,37.5,,42.8,,26.8,32.7,,32.4,65.5,63.3,36.5,31.2,22.9,174.7,74.2,,11.18,3.66666666666667,11.2
51,1985-04,8686.043,7857.8389,7049.8349,10463.6518,1985-04,39.0,,49.4,74.4,44.6,,,37.5,,42.8,,26.8,32.8,,32.4,65.5,64.5,36.5,31.2,22.9,174.0,74.1,,9.75,3.8205980066445,11.0
52,1985-05,8686.043,7857.8389,7070.035,10524.2521,1985-05,39.0,,49.4,75.1,44.7,,,37.7,,42.1,,26.9,32.8,,32.6,67.5,64.5,36.5,31.3,23.1,169.9,72.0,,9.59,4.15282392026577,10.7
53,1985-06,8686.043,7878.039,7191.235600000001,10524.2521,1985-06,39.0,,49.6,75.1,45.0,,,37.9,,42.1,,27.0,33.0,,33.0,67.5,64.5,36.7,31.3,23.2,167.7,72.0,,9.57,3.96039603960396,10.7
54,1985-07,8686.043,7857.8389,7231.6358,10382.8514,1985-07,39.0,,49.6,75.1,45.1,,,37.9,,41.7,,27.1,33.3,,33.2,67.8,64.5,36.8,31.4,23.3,165.5,73.4,,9.31,4.11184210526317,10.5
55,1985-08,8686.043,7857.8389,7251.8359,10423.251600000001,1985-08,39.2,,49.6,75.1,45.4,,,38.1,,41.7,,27.5,33.9,,33.3,68.4,64.5,36.9,31.8,23.5,164.5,73.2,,9.2,4.11184210526317,10.4
56,1985-09,8686.043,7857.8389,7251.8359,10544.452200000002,1985-09,39.2,,49.8,75.1,45.4,,,38.1,,42.1,,27.7,33.9,,33.5,68.7,64.5,37.2,31.9,23.8,165.2,73.1,,9.31,4.10509031198687,10.3
57,1985-10,8686.043,7857.8389,7352.8364,10524.2521,1985-10,39.2,,49.9,75.1,45.7,,,38.5,,42.3,,27.8,33.9,,33.9,68.6,64.5,37.2,32.2,24.2,166.2,73.1,,8.77,4.09165302782326,10.5
58,1985-11,8686.043,7857.8389,7433.636799999999,10564.6523,1985-11,39.2,,50.5,75.1,46.0,,,38.5,,42.3,,28.2,34.3,,34.1,69.4,64.5,37.2,32.3,24.3,165.8,73.6,,8.98,3.90879478827362,10.3
59,1985-12,8686.043,7857.8389,7433.636799999999,10665.6528,1985-12,39.2,,50.4,75.1,46.0,,,38.8,,42.3,,28.4,34.8,,34.1,69.4,64.5,37.3,32.3,24.4,163.7,73.6,,9.49,4.3973941368078,10.1
60,1986-01,8766.8434,7979.0395,7474.037,10746.4532,1986-01,39.4,,50.2,75.1,46.4,,,39.2,,42.5,,29.2,34.8,,35.3,69.8,64.5,37.7,33.4,25.0,160.3,73.3,,10.33,4.37601296596435,10.0
61,1986-02,8847.6438,8019.439700000001,7676.0380000000005,10685.8529,1986-02,39.6,,50.2,75.3,46.6,,,39.4,,42.7,,30.0,35.4,,36.0,71.4,64.5,37.9,34.1,25.3,161.3,73.5,,11.84,4.18679549114333,10.0
62,1986-03,8867.8439,8019.439700000001,7756.8384,10625.2526,1986-03,39.6,,50.2,75.3,46.7,,,39.6,,42.7,,30.6,35.7,,36.1,71.4,64.5,38.1,34.2,25.6,161.9,73.5,,10.44,4.34083601286174,9.9
63,1986-04,9029.4447,8302.241100000001,7777.038500000001,10645.452700000002,1986-04,39.8,,50.6,75.3,47.1,,,40.0,,43.0,,30.8,36.4,,36.7,72.0,64.5,38.6,34.2,25.5,160.4,74.2,,9.27,3.84000000000001,9.7
64,1986-05,9029.4447,8302.241100000001,7837.6388,10544.452200000002,1986-05,40.0,,50.1,76.1,47.4,,,40.0,,43.1,,31.5,36.4,,36.9,73.3,64.5,38.7,34.3,25.4,160.4,74.4,,8.43,4.14673046251992,9.6
65,1986-06,9029.4447,8302.241100000001,7837.6388,10625.2526,1986-06,40.0,,50.1,76.1,47.6,,,40.2,,43.2,,32.0,36.4,,37.2,73.3,64.5,38.8,34.5,25.6,158.5,74.2,,8.84,3.80952380952382,9.6
66,1986-07,9029.4447,8302.241100000001,7817.438700000001,10524.2521,1986-07,40.2,,50.1,76.1,48.1,,,40.4,,43.4,,32.5,37.0,,38.8,73.3,64.5,38.8,34.5,25.6,157.0,74.2,,8.63,4.10742496050552,9.7
67,1986-08,9049.6448,8302.241100000001,7777.038500000001,10625.2526,1986-08,40.6,,50.3,76.5,48.7,,,40.9,,43.4,,33.5,37.0,,39.3,73.3,64.5,39.2,34.6,25.6,154.0,73.9,,8.58,4.26540284360189,9.7
68,1986-09,8968.8444,8302.241100000001,7797.238600000001,10625.2526,1986-09,40.6,,50.5,76.5,49.1,,,41.6,,43.6,,35.2,37.6,,39.9,73.2,64.5,39.3,34.7,25.6,152.6,74.8,,8.63,4.10094637223976,9.6
69,1986-10,9049.6448,8302.241100000001,7857.8389,10625.2526,1986-10,40.5,,50.5,76.5,49.4,,,42.1,,43.8,,36.2,38.1,,40.3,73.2,64.5,39.3,34.8,25.7,150.3,74.9,,8.62,4.40251572327042,9.6
70,1986-11,9049.6448,8302.241100000001,8080.04,10605.0525,1986-11,40.6,,50.9,76.5,49.9,,,42.7,,44.0,,37.2,41.3,,42.0,73.8,64.5,39.5,34.8,25.7,146.8,75.0,,8.47,4.54545454545454,9.4
71,1986-12,9009.2446,8302.241100000001,8342.6413,10564.6523,1986-12,40.6,,51.0,76.5,49.9,,,43.1,,44.0,,37.7,41.3,,42.3,73.6,64.5,39.7,34.9,25.7,143.7,75.2,,8.49,4.21216848673949,9.5
72,1987-01,9130.4452,8443.6418,8585.0425,10463.6518,1987-01,40.6,,51.0,76.5,50.8,,,43.7,,44.5,,38.4,41.4,,42.7,74.1,64.5,39.7,34.9,25.8,143.7,75.2,,7.74,4.03726708074533,9.6
73,1987-02,9130.4452,8443.6418,8726.443200000002,10302.051,1987-02,41.5,,51.1,79.0,50.8,,,44.3,,44.6,,40.0,41.6,,43.5,75.5,64.5,40.2,35.3,25.8,145.2,76.9,,7.59,4.01854714064912,9.6
74,1987-03,9271.8459,8484.042,8726.443200000002,10180.8504,1987-03,41.7,,51.1,79.0,51.0,,,45.3,,44.7,,42.5,43.6,,44.0,75.7,64.5,40.4,35.4,26.2,146.5,77.8,,7.14,4.00616332819724,9.5
75,1987-04,9231.4457,8645.6428,8686.043,10221.250600000001,1987-04,41.7,,51.1,79.0,51.3,,,45.9,,45.1,,43.6,43.6,,44.8,76.6,64.5,40.6,35.5,26.3,146.5,78.1,,8.26,4.62249614791988,9.2
76,1987-05,9271.8459,8645.6428,8686.043,10322.251100000001,1987-05,41.8,,51.9,79.0,51.4,,,46.3,,45.5,,44.1,43.9,,45.3,77.2,64.5,40.4,35.5,26.3,146.5,78.1,,8.54,4.59418070444104,8.9
77,1987-06,9251.6458,8645.6428,8746.6433,10342.451200000001,1987-06,41.8,,52.1,79.0,51.6,,,46.7,,45.7,,44.4,44.7,,45.3,77.9,72.2,40.4,35.5,26.4,146.5,78.1,,8.59,4.74006116207952,9.0
78,1987-07,9231.4457,8585.0425,8847.6438,10221.250600000001,1987-07,42.0,,52.1,79.0,51.7,,,46.9,,45.8,,44.5,44.7,,45.7,77.9,72.4,40.4,35.7,26.5,147.5,78.1,,8.76,4.55235204855842,8.8
79,1987-08,9231.4457,8585.0425,9009.2446,10281.8509,1987-08,42.2,,52.2,79.0,52.2,,,47.6,,45.8,,44.5,46.1,,45.8,77.9,72.7,40.4,36.0,26.6,149.6,78.7,,9.24,4.54545454545454,8.7
80,1987-09,9251.6458,8585.0425,9271.8459,10180.8504,1987-09,42.2,,52.5,79.0,52.7,,,48.0,,45.9,,44.4,46.1,,45.8,77.9,72.7,40.7,36.2,26.7,149.3,79.8,,9.57,4.54545454545454,8.6
81,1987-10,9251.6458,8585.0425,9473.8469,10100.050000000001,1987-10,42.2,,52.5,79.0,53.5,,,48.1,,46.2,,44.6,46.1,,45.8,77.7,72.7,40.6,36.4,27.2,150.3,79.8,,8.26,4.21686746987952,8.5
82,1987-11,9251.6458,8585.0425,9595.0475,10180.8504,1987-11,42.3,,52.7,79.0,53.7,,,48.6,,46.3,,44.5,47.1,,46.0,77.6,74.4,40.6,36.3,27.2,150.8,79.8,,8.48,4.19790104947527,8.2
83,1987-12,9251.6458,8585.0425,9837.4487,10120.250100000001,1987-12,42.3,,52.7,79.0,53.9,,,48.8,,46.4,,44.5,47.2,,46.0,77.6,74.4,40.6,36.4,27.2,150.8,79.8,,8.66,4.19161676646705,8.1
84,1988-01,9595.0475,8766.8434,9837.4487,9978.8494,1988-01,42.3,,52.7,79.0,54.2,,,49.3,,46.5,,44.4,47.2,,46.3,77.5,74.4,40.6,36.6,27.8,155.5,79.9,,8.63,4.02985074626868,8.1
85,1988-02,9595.0475,8827.443700000002,9817.2486,9857.648799999999,1988-02,42.3,,53.3,79.0,54.6,,,49.5,,47.1,,45.0,47.8,,46.3,81.4,75.2,40.8,36.6,27.8,154.5,81.3,,8.58,4.01188707280836,7.8
86,1988-03,9696.048,8867.8439,9978.8494,9817.2486,1988-03,42.3,,53.5,79.0,55.2,,,49.9,,47.1,,45.6,48.3,,46.3,81.5,75.0,40.7,36.9,27.9,154.7,81.3,,8.78,4.29629629629629,7.7
87,1988-04,9756.648299999999,9029.4447,10281.8509,9675.8479,1988-04,42.3,,53.5,82.1,55.6,,,50.2,,47.6,,47.4,48.5,,47.8,81.2,75.2,40.7,37.0,28.2,155.2,82.1,,9.06,3.97643593519882,7.7
88,1988-05,9776.8484,9029.4447,10302.051,9675.8479,1988-05,42.6,,53.7,82.1,56.1,,,50.6,,47.9,,48.5,49.2,,48.9,81.5,76.3,40.5,37.1,28.2,155.5,81.8,,9.12,3.95314787701318,7.8
89,1988-06,9675.8479,9029.4447,10281.8509,9554.6473,1988-06,42.6,,53.7,82.1,56.1,,,50.7,,47.9,,48.9,49.2,,49.3,81.5,77.1,40.5,37.1,28.3,155.5,83.0,,9.44,3.94160583941606,7.7
90,1988-07,9696.048,9049.6448,10180.8504,9534.4472,1988-07,42.6,,53.7,82.1,56.2,,,50.7,,47.9,,49.1,49.3,,48.2,81.5,77.3,40.5,37.2,28.4,156.3,83.2,,9.53,3.91872278664731,7.8
91,1988-08,9696.048,9029.4447,9978.8494,9615.2476,1988-08,43.2,,53.7,82.1,56.4,,,51.0,,48.0,,50.2,50.8,,48.8,81.5,77.3,40.5,37.3,28.7,156.3,83.2,,10.03,3.91304347826087,7.9
92,1988-09,9675.8479,9029.4447,9473.8469,9615.2476,1988-09,43.4,,54.4,82.1,56.5,,,51.2,,48.2,,51.8,50.8,,49.0,81.5,77.2,40.6,37.3,28.7,158.5,83.2,,10.54,4.05797101449274,8.0
93,1988-10,9595.0475,9029.4447,9716.2481,9494.047,1988-10,43.7,,54.4,82.1,56.6,,,51.4,,48.2,,52.5,51.0,,49.2,81.5,77.2,40.6,37.3,28.9,157.7,83.3,,10.51,4.33526011560696,8.0
94,1988-11,9675.8479,9029.4447,9716.2481,9675.8479,1988-11,43.9,,54.5,82.1,57.0,,,51.5,,48.5,,52.7,51.0,,48.7,81.5,80.5,40.5,37.6,28.9,157.7,84.1,,10.84,4.02877697841725,7.9
95,1988-12,9675.8479,9029.4447,9554.6473,9494.047,1988-12,43.9,,54.5,82.1,57.4,,,51.7,,48.7,,53.0,51.5,,48.8,81.5,80.6,40.3,37.6,28.8,159.5,84.1,,11.17,3.87931034482758,7.6
96,1989-01,9696.048,9009.2446,9494.047,9453.6468,1989-01,44.0,,54.7,82.1,57.6,,,51.6,,49.0,,52.7,51.9,,49.1,81.8,80.6,40.2,37.7,28.8,164.2,86.0,,11.54,4.30416068866571,7.5
97,1989-02,9716.2481,9029.4447,9655.647799999999,9352.6463,1989-02,45.1,,54.8,84.0,58.2,,,51.6,,49.4,,53.7,52.1,,49.9,85.2,80.6,40.1,38.2,29.0,165.5,90.2,,11.7,4.57142857142856,7.6
98,1989-03,9817.2486,9090.045,9797.0485,9433.4467,1989-03,45.2,,54.8,84.0,58.7,,,51.9,,49.5,,54.3,53.5,,50.3,86.5,80.6,40.0,38.4,29.3,167.5,90.9,,12.4,4.54545454545454,7.5
99,1989-04,9877.848899999999,9130.4452,9898.049,9393.0465,1989-04,45.2,,54.8,84.1,58.7,,,51.9,,49.6,,54.4,53.6,,50.8,87.5,80.6,39.9,38.4,29.3,168.3,93.1,,12.61,4.53257790368271,7.8
100,1989-05,9857.648799999999,9069.8449,10100.050000000001,9413.2466,1989-05,45.6,,54.6,84.1,59.6,,,52.3,,49.8,,54.4,53.7,,51.6,87.5,79.9,39.9,38.6,29.4,167.7,92.8,,12.4,5.07042253521127,7.7
101,1989-06,9837.4487,9029.4447,10221.250600000001,8928.4442,1989-06,45.6,,54.5,84.1,59.6,,,52.4,,50.4,,55.0,53.8,,51.6,88.1,79.9,39.9,38.8,29.7,167.0,93.6,,12.31,5.19662921348316,7.6
102,1989-07,9857.648799999999,9069.8449,10059.6498,8888.044,1989-07,45.6,,54.5,84.1,59.6,,,52.3,,50.4,,55.0,54.0,,51.6,88.1,79.9,39.9,38.9,29.7,167.5,94.9,,12.32,5.30726256983242,7.5
103,1989-08,9898.049,9090.045,10059.6498,8847.6438,1989-08,45.6,,54.5,83.8,59.7,,,52.4,,50.1,,55.0,54.2,,51.6,88.1,79.9,40.1,39.1,29.9,167.8,92.2,,12.4,5.29986052998605,7.4
104,1989-09,9837.4487,9090.045,9635.4477,8867.8439,1989-09,47.1,,54.5,83.8,59.7,,,52.6,,50.0,,55.2,54.4,,52.3,88.1,79.9,40.3,39.4,30.3,167.5,93.7,,12.47,5.29247910863512,7.5
105,1989-10,9857.648799999999,9090.045,9655.647799999999,8827.443700000002,1989-10,47.1,,54.5,83.8,60.0,,,52.8,,50.5,,55.3,54.9,,52.7,88.1,81.9,40.4,40.0,30.6,170.9,93.8,,12.43,5.12465373961218,7.5
106,1989-11,9837.4487,9130.4452,9615.2476,8807.2436,1989-11,47.1,,54.5,83.8,60.4,,,53.0,,50.8,,55.3,55.2,,53.7,88.1,81.9,40.4,40.5,31.2,171.6,95.1,,12.47,5.25587828492395,7.6
107,1989-12,9857.648799999999,9211.2456,9615.2476,8746.6433,1989-12,47.1,,54.5,83.8,60.5,,,53.0,,51.2,,55.3,55.5,,53.8,88.1,82.0,40.4,41.4,32.0,172.2,97.5,,12.47,5.25587828492395,7.8
108,1990-01,10039.449700000001,9393.0465,9615.2476,8746.6433,1990-01,46.7,,54.5,83.8,60.5,,,53.1,,51.5,,55.3,55.9,,54.8,88.1,82.0,40.4,42.4,32.5,182.1,101.0,,12.29,5.50206327372764,7.9
109,1990-02,10039.449700000001,9393.0465,9655.647799999999,9009.2446,1990-02,46.7,,54.7,84.4,60.6,,,53.3,,51.6,,54.7,55.9,,55.0,88.1,85.0,40.6,43.8,33.0,184.4,101.3,,13.25,5.46448087431693,7.7
110,1990-03,10120.250100000001,9453.6468,9857.648799999999,8867.8439,1990-03,46.6,,54.7,84.4,60.9,,,53.3,,51.7,,54.8,56.0,,55.1,89.4,85.7,41.1,45.2,33.9,184.4,100.1,,13.38,5.29891304347827,7.3
111,1990-04,10281.8509,9473.8469,10019.249600000001,8787.0435,1990-04,46.6,,54.7,84.3,60.9,,,53.5,,51.7,,54.3,55.9,,55.3,89.3,84.8,41.2,45.3,34.0,182.6,99.6,,13.77,5.01355013550136,7.6
112,1990-05,10382.8514,9655.647799999999,10039.449700000001,8888.044,1990-05,46.6,,54.7,84.7,60.9,,,53.6,,51.6,,53.4,55.9,,55.4,89.3,85.4,41.2,45.3,33.8,176.7,98.6,,14.05,4.42359249329759,7.8
113,1990-06,10342.451200000001,9574.8474,10059.6498,8847.6438,1990-06,46.6,,54.7,84.7,61.0,,,53.5,,51.5,,51.4,54.5,,55.5,89.5,85.0,41.4,45.3,33.7,176.3,96.7,,13.9,4.40587449933242,7.7
114,1990-07,10302.051,9574.8474,10039.449700000001,8746.6433,1990-07,46.6,,54.8,84.7,61.3,,,53.5,,50.8,,50.4,54.5,,55.5,89.5,85.0,41.4,45.3,33.2,173.9,96.9,,13.59,4.11140583554375,8.0
115,1990-08,10342.451200000001,9635.4477,9696.048,8665.8429,1990-08,46.6,,54.8,84.7,61.7,,,53.5,,50.7,,49.3,54.0,,55.7,89.5,81.9,41.4,45.3,33.3,169.3,95.0,,13.01,4.10596026490065,8.2
116,1990-09,10342.451200000001,9635.4477,9393.0465,8787.0435,1990-09,46.8,,54.8,84.8,61.8,,,53.7,,50.6,,47.8,53.5,,55.7,89.5,84.0,41.4,45.3,33.2,167.2,93.3,,12.61,4.23280423280423,8.6
117,1990-10,10382.8514,9716.2481,9271.8459,8726.443200000002,1990-10,46.8,,54.8,84.8,61.9,,,53.7,,50.6,,46.7,52.8,,55.8,90.2,84.0,41.4,45.5,33.2,166.5,91.7,,12.66,4.74308300395257,9.0
118,1990-11,10382.8514,9716.2481,9332.4462,8766.8434,1990-11,46.8,,54.5,84.7,62.1,,,53.5,,51.0,,45.2,52.1,,55.9,90.2,83.8,41.4,45.5,33.3,165.4,90.6,,12.25,5.12483574244416,9.3
119,1990-12,10403.0515,9716.2481,9696.048,8766.8434,1990-12,46.8,,54.5,84.7,62.1,,,53.5,,51.6,,44.9,52.2,,56.1,90.2,84.0,41.3,45.5,32.1,166.0,90.0,,11.78,4.9934296977661,9.6
120,1991-01,10382.8514,9797.0485,9716.2481,8706.2431,1991-01,46.8,,54.5,84.7,61.9,,,53.3,,52.0,,42.8,51.5,,55.3,90.2,82.8,41.2,45.7,32.1,165.7,89.6,,10.88,6.91003911342895,10.0
121,1991-02,10382.8514,9817.2486,9817.2486,8726.443200000002,1991-02,50.4,,54.3,84.8,63.5,,,53.3,,51.9,,40.6,51.6,,55.6,90.2,83.6,41.3,45.1,32.1,166.3,87.4,,10.02,6.21761658031089,10.4
122,1991-03,10524.2521,9918.2491,9837.4487,8746.6433,1991-03,51.0,,54.3,84.8,63.3,,,54.0,,51.5,,40.7,51.7,,55.6,89.1,85.2,41.3,45.2,32.3,168.0,88.6,,9.92,6.19354838709677,10.8
123,1991-04,10524.2521,10019.249600000001,9898.049,8706.2431,1991-04,50.9,,54.3,84.1,62.3,,,53.4,,51.4,,40.9,51.3,,55.3,89.3,84.9,41.1,45.0,31.8,167.8,87.8,,9.66,6.19354838709677,10.4
124,1991-05,10524.2521,10019.249600000001,9898.049,8706.2431,1991-05,50.8,,54.3,84.4,62.3,,,53.5,,51.2,,42.7,51.3,,55.2,88.6,85.0,41.2,44.9,31.9,167.8,87.8,,9.07,6.16174582798461,10.3
125,1991-06,10504.052,9958.6493,9857.648799999999,8665.8429,1991-06,50.8,,54.3,84.4,62.5,,,53.5,,50.9,,42.6,51.2,,55.4,88.6,84.9,41.4,45.2,31.9,166.3,88.4,,8.91,6.26598465473146,10.5
126,1991-07,10504.052,9918.2491,9898.049,8686.043,1991-07,50.8,,54.3,84.4,62.5,,,53.5,,50.8,,42.7,51.2,,55.4,88.6,85.3,41.3,45.1,31.6,165.7,89.2,,8.94,5.98726114649682,10.6
127,1991-08,10443.451700000001,9877.848899999999,9837.4487,8665.8429,1991-08,50.8,,54.3,84.4,62.5,,,53.4,,50.7,,42.4,50.7,,55.8,88.6,85.2,41.3,45.2,31.8,165.0,89.2,,8.8,5.97964376590331,10.5
128,1991-09,10403.0515,9918.2491,9696.048,8625.442700000001,1991-09,50.8,,54.3,84.4,62.5,,,53.5,,50.9,,42.4,50.3,,55.8,88.6,84.2,41.1,45.2,31.8,165.7,89.4,,8.68,5.45685279187817,10.3
129,1991-10,10403.0515,9898.049,9655.647799999999,8605.2426,1991-10,50.8,,54.3,84.4,62.3,,,53.7,,51.0,,42.4,50.1,,55.8,88.6,83.6,41.0,45.2,31.7,162.9,90.2,,8.17,4.40251572327044,10.4
130,1991-11,10403.0515,9877.848899999999,9595.0475,8605.2426,1991-11,50.8,,54.2,84.5,62.3,,,53.3,,50.7,,41.9,50.4,,55.2,89.0,84.0,41.2,45.2,31.5,162.4,90.6,,7.69,4.12499999999998,10.5
131,1991-12,10221.250600000001,9877.848899999999,9877.848899999999,8665.8429,1991-12,50.8,,54.4,84.5,62.3,,,53.3,,51.0,,41.9,50.1,,55.2,89.0,84.0,41.2,45.3,31.3,160.3,90.7,,7.67,3.75469336670838,10.4
132,1992-01,10221.250600000001,9978.8494,9938.449200000001,8787.0435,1992-01,50.9,,54.4,84.2,62.3,,,53.2,,51.1,,41.6,50.2,,55.3,89.8,84.1,40.5,44.4,31.5,161.8,91.0,,7.08,1.58536585365852,10.6
133,1992-02,10221.250600000001,9999.049500000001,10221.250600000001,8948.6443,1992-02,50.9,,54.4,84.9,62.5,,,53.0,,51.1,,41.0,49.8,,55.3,89.8,84.1,40.6,44.4,31.4,161.6,93.0,,7.56,1.58536585365852,10.7
134,1992-03,10302.051,9999.049500000001,10382.8514,9009.2446,1992-03,51.1,,54.4,85.4,62.3,,,53.2,,51.0,,40.9,49.6,,55.7,89.8,84.1,40.7,45.3,31.6,162.6,92.8,,7.65,1.57958687727825,11.2
135,1992-04,10322.251100000001,9999.049500000001,10726.2531,8908.2441,1992-04,51.1,,54.5,85.4,62.5,,,53.2,,51.1,,41.0,49.4,,55.7,89.1,82.9,40.9,45.0,31.7,164.4,93.4,,6.85,1.70109356014583,10.9
136,1992-05,10322.251100000001,10019.249600000001,10928.2541,9029.4447,1992-05,51.1,,55.1,85.4,63.5,,,53.1,,51.1,,40.8,48.3,,55.7,89.1,83.1,41.0,45.5,31.7,166.0,93.9,,6.5,1.33010882708584,11.0
137,1992-06,10322.251100000001,10019.249600000001,11231.2556,8968.8444,1992-06,51.1,,55.1,85.3,63.5,,,53.0,,51.5,,40.8,48.4,,55.6,88.9,84.0,41.1,45.5,31.8,165.8,94.5,,5.91,1.08303249097473,11.4
138,1992-07,9938.449200000001,9999.049500000001,11554.4572,8968.8444,1992-07,51.1,,55.0,85.3,63.2,,,53.0,,51.6,,40.6,48.5,,55.5,88.9,84.0,41.1,45.5,31.8,165.5,94.6,,5.5,1.20192307692309,11.4
139,1992-08,9958.6493,10039.449700000001,11675.657799999999,8968.8444,1992-08,51.2,,54.9,84.9,62.4,,,52.9,,51.5,,40.4,48.4,,55.5,88.9,84.0,41.1,45.7,31.8,165.5,95.3,,5.11,1.08043217286917,11.6
140,1992-09,9756.648299999999,10019.249600000001,12059.459700000001,9090.045,1992-09,51.2,,54.9,85.1,61.9,,,53.0,,51.5,,39.9,48.2,,55.5,89.5,84.0,41.2,45.7,31.9,164.7,95.7,,5.69,1.32370637785802,11.5
141,1992-10,9615.2476,10039.449700000001,12221.0605,9251.6458,1992-10,51.2,,54.9,85.1,61.8,,,53.1,,51.5,,39.9,47.8,,55.4,89.5,83.8,41.2,46.0,32.0,163.7,95.9,,7.37,1.56626506024096,11.3
142,1992-11,10847.4537,10059.6498,12423.0615,9312.2461,1992-11,51.2,,54.9,85.5,61.7,,,53.1,,51.4,,40.6,47.7,,55.4,89.5,83.8,41.2,45.9,32.0,162.7,96.2,,8.82,1.68067226890758,12.1
143,1992-12,11009.0545,10079.8499,12786.6633,9393.0465,1992-12,51.2,,54.9,85.1,61.5,,,53.1,,51.4,,40.5,47.9,,55.3,88.2,83.6,41.2,45.9,32.2,161.9,95.3,,7.36,2.17129071170085,11.7
144,1993-01,10564.6523,10140.450200000001,13190.6653,9413.2466,1993-01,51.2,,54.9,84.8,61.4,,,53.0,,50.8,,40.4,47.4,,55.3,88.2,84.1,41.5,45.9,32.2,162.2,95.0,,6.81,2.04081632653062,11.3
145,1993-02,10625.2526,10160.6503,14200.6703,9271.8459,1993-02,51.2,,54.9,85.0,61.4,,,53.1,,50.8,,40.1,46.6,,55.2,88.2,85.2,42.2,47.0,32.4,162.4,97.0,,6.09,2.40096038415367,11.1
146,1993-03,10625.2526,10160.6503,15614.6773,9231.4457,1993-03,51.2,,56.2,85.3,61.5,,,53.2,,51.0,,40.1,47.3,,55.3,89.0,84.7,43.1,47.9,33.8,162.7,96.7,,5.36,1.91387559808614,11.4
147,1993-04,10544.452200000002,10241.450700000001,16745.8829,9292.046,1993-04,51.2,,56.2,85.3,62.0,,,53.7,,51.4,,39.9,47.1,,55.3,89.0,85.7,43.1,48.0,33.7,161.8,99.7,,5.6,1.79211469534049,11.7
148,1993-05,10706.053,10201.0505,17877.0885,9372.8464,1993-05,51.2,,56.7,85.1,62.1,,,53.5,,51.2,,39.5,47.1,,55.6,89.0,86.9,43.0,48.1,33.5,162.4,97.3,,5.1,1.909307875895,11.7
149,1993-06,10625.2526,10201.0505,18240.6903,9393.0465,1993-06,51.2,,56.6,85.1,62.1,,,53.7,,50.8,,40.2,47.0,,55.4,89.0,86.7,43.0,47.7,32.9,161.3,97.7,,4.79,1.66666666666667,11.7
150,1993-07,10584.8524,10180.8504,18200.2901,9675.8479,1993-07,51.1,,56.6,85.0,62.1,,,53.7,,50.8,,39.5,47.1,,55.4,89.0,86.8,43.0,47.7,33.0,160.9,99.7,,4.41,1.6627078384798,11.7
151,1993-08,10524.2521,10180.8504,17634.6873,9837.4487,1993-08,51.2,,56.6,85.2,62.2,,,53.7,,50.8,,40.0,47.2,,55.6,88.8,88.0,43.0,47.5,32.9,161.4,99.9,,4.9,1.7814726840855,11.3
152,1993-09,10524.2521,10180.8504,17311.4857,9817.2486,1993-09,51.2,,56.6,84.7,61.7,,,53.8,,51.1,,40.2,47.8,,55.6,88.8,88.1,42.9,47.7,33.0,159.9,99.6,,4.9,1.7814726840855,11.4
153,1993-10,10504.052,10180.8504,16745.8829,9918.2491,1993-10,50.6,,56.8,84.7,61.8,,,53.9,,51.2,,39.8,47.6,,55.6,88.1,88.1,42.7,47.9,33.0,156.5,100.2,,4.63,1.89798339264533,11.3
154,1993-11,10584.8524,10180.8504,16927.6838,9877.848899999999,1993-11,51.4,,57.1,85.0,61.8,,,54.0,,51.2,,39.7,47.3,,55.6,88.1,88.1,43.1,47.9,33.1,156.2,100.0,,4.36,1.88902007083823,11.3
155,1993-12,10504.052,10180.8504,17311.4857,9938.449200000001,1993-12,51.4,,57.1,85.0,61.8,,,54.0,,51.2,,39.7,47.1,,55.7,88.1,88.1,43.1,48.0,33.3,155.2,98.9,,4.11,1.65289256198346,11.4
156,1994-01,10786.8534,10261.6508,17634.6873,9877.848899999999,1994-01,51.4,,57.1,84.7,61.8,,,53.7,,51.3,,39.7,47.1,,55.7,88.1,87.2,43.6,48.6,33.7,155.5,98.7,,3.88,1.29411764705882,11.5
157,1994-02,10726.2531,10322.251100000001,17957.8889,10059.6498,1994-02,51.4,,57.1,84.7,61.3,,,53.7,,51.2,,39.5,46.8,,55.6,88.1,87.6,43.8,48.6,33.7,156.7,99.0,,4.1,0.117233294255575,11.2
158,1994-03,10726.2531,10261.6508,18281.090500000002,10100.050000000001,1994-03,51.1,,57.1,84.7,61.0,,,53.8,,51.0,,39.5,47.1,,55.7,88.1,87.6,44.5,48.6,33.9,156.7,98.0,,5.64,0.234741784037554,10.7
159,1994-04,11029.2546,10302.051,18644.6923,10201.0505,1994-04,51.7,,57.1,84.7,60.9,,,53.7,,51.3,,39.6,46.6,,55.7,88.6,88.0,44.5,48.6,33.9,154.7,98.2,,6.07,0.234741784037554,11.0
160,1994-05,10726.2531,10302.051,18846.6933,10180.8504,1994-05,52.0,,57.6,85.2,61.5,,,53.9,,51.3,,39.5,46.6,,55.7,88.6,88.6,44.6,48.3,33.7,153.4,97.8,,6.31,-0.234192037470722,10.7
161,1994-06,10726.2531,10302.051,18866.8934,10221.250600000001,1994-06,51.6,,57.6,85.3,61.5,,,53.7,,51.2,,39.9,47.1,,55.7,88.6,88.5,44.6,48.3,33.9,152.1,97.8,,6.92,0.0,10.4
162,1994-07,10726.2531,10302.051,19008.2941,10180.8504,1994-07,51.4,,57.9,85.3,61.5,,,53.7,,51.2,,39.9,47.1,,56.1,88.6,88.5,44.7,48.1,33.9,152.6,96.6,,6.04,0.116822429906548,10.1
163,1994-08,10685.8529,10241.450700000001,19109.2946,10180.8504,1994-08,51.7,,58.7,85.5,61.3,,,53.8,,51.6,,40.1,47.3,,55.8,88.6,88.5,44.7,48.1,34.0,152.6,96.5,,5.6,0.116686114352382,10.3
164,1994-09,10746.4532,10241.450700000001,18967.893900000003,10059.6498,1994-09,51.7,,58.7,85.5,61.3,,,54.1,,51.6,,40.2,47.1,,55.8,88.6,88.5,44.8,48.1,34.0,150.6,96.1,,5.54,0.233372228704796,10.1
165,1994-10,10665.6528,10241.450700000001,19149.6948,10059.6498,1994-10,51.7,,58.9,85.5,61.3,,,54.1,,51.3,,40.3,47.2,,55.6,88.6,88.5,44.8,48.2,34.0,149.1,95.3,,5.62,-0.232828870779989,10.0
166,1994-11,10665.6528,10241.450700000001,19412.2961,10100.050000000001,1994-11,51.8,,59.1,85.4,61.4,,,54.5,,51.4,,40.0,47.3,,55.8,88.6,88.5,44.9,47.9,34.1,150.1,94.8,,6.04,-0.115874855156404,9.8
167,1994-12,10685.8529,10302.051,19594.097,10221.250600000001,1994-12,51.8,,59.3,85.4,61.4,,,54.5,,51.4,,40.1,48.0,,55.8,88.6,88.5,44.9,48.0,34.0,146.2,94.4,,7.43,0.232288037166082,9.7
168,1995-01,10847.4537,10483.8519,20220.3001,10706.053,1995-01,51.8,89.8,59.3,85.4,61.4,,,54.4,,51.3,,40.3,48.0,,56.0,89.2,88.5,45.0,48.0,34.0,146.8,93.9,,8.38,0.580720092915212,9.7
169,1995-02,10847.4537,10483.8519,20624.3021,10665.6528,1995-02,52.1,89.8,59.4,85.4,61.5,,,54.8,,50.7,,40.5,47.8,,54.1,89.2,88.5,45.0,46.8,34.1,146.0,93.0,,8.38,1.87353629976581,9.6
170,1995-03,10847.4537,10483.8519,20826.3031,10726.2531,1995-03,52.1,89.8,59.5,84.9,61.7,,,54.7,,50.5,,40.7,47.3,,54.1,89.2,88.5,45.3,48.0,34.2,145.5,91.7,,8.47,2.10772833723653,9.8
171,1995-04,10887.8539,10524.2521,21311.1055,10524.2521,1995-04,51.9,89.2,59.5,84.9,61.7,,,54.8,,50.7,,40.5,47.1,,53.7,89.2,88.5,45.3,48.1,34.2,145.2,91.2,,8.17,2.45901639344262,9.5
172,1995-05,10908.054,10524.2521,21674.7073,10443.451700000001,1995-05,51.9,89.2,59.7,84.9,61.9,,,54.6,,50.1,,40.4,46.6,,53.7,88.8,88.5,45.4,48.1,34.2,142.7,91.4,,7.64,2.93427230046947,9.6
173,1995-06,10928.2541,10524.2521,21755.507700000002,10524.2521,1995-06,51.9,89.1,59.7,84.4,61.9,,,54.8,,49.9,,40.2,46.5,,53.2,88.8,88.5,45.5,47.9,34.2,140.9,90.8,,6.97,2.69320843091334,9.6
174,1995-07,10988.8544,10605.0525,21270.7053,10443.451700000001,1995-07,51.9,88.3,59.7,84.4,61.9,,,54.8,,50.0,,40.4,46.4,,53.6,88.8,88.3,45.5,47.9,34.2,141.1,90.1,,6.87,2.56709451575263,9.7
175,1995-08,10988.8544,10584.8524,19856.6983,10443.451700000001,1995-08,51.1,88.6,60.1,84.8,62.1,,,54.8,,49.9,,40.3,46.9,,53.6,88.8,88.3,45.5,47.7,34.2,139.6,89.9,,6.59,2.21445221445221,9.6
176,1995-09,10988.8544,10584.8524,18139.6898,10483.8519,1995-09,51.2,88.9,60.1,84.8,62.1,,,54.7,,49.9,,40.4,46.7,,53.6,88.8,88.3,45.5,48.0,34.2,138.8,89.3,,6.71,2.21187427240976,9.3
177,1995-10,10988.8544,10584.8524,17311.4857,10342.451200000001,1995-10,51.2,88.9,60.1,84.8,62.1,,,54.5,,49.9,,40.1,47.0,,53.8,88.8,88.3,45.5,48.0,34.2,136.7,87.6,,7.65,2.33372228704783,9.4
178,1995-11,10988.8544,10584.8524,17372.086,10423.251600000001,1995-11,51.3,88.8,60.3,84.1,62.1,,,54.4,,49.3,,40.0,46.4,,52.9,88.8,88.3,45.5,48.1,34.1,134.5,87.0,,6.07,2.08816705336425,9.3
179,1995-12,10988.8544,10584.8524,17654.887400000003,10524.2521,1995-12,51.3,88.5,60.3,84.1,62.1,,,54.4,,49.3,,40.2,46.6,,53.3,88.8,88.3,45.5,48.1,34.1,132.4,86.7,,5.79,1.73812282734647,9.4
180,1996-01,11009.0545,10706.053,18119.489700000002,10241.450700000001,1996-01,51.3,87.7,60.3,84.0,61.7,,,54.4,,49.3,,40.3,46.6,,53.3,88.8,88.2,45.4,48.1,34.1,132.6,86.3,,5.37,1.61662817551963,9.6
181,1996-02,11029.2546,10746.4532,18462.8914,10302.051,1996-02,51.1,87.7,60.2,84.0,62.3,,,54.2,,49.3,,39.6,46.0,,53.3,88.8,88.2,45.5,48.0,34.1,131.8,85.7,,5.5,1.26436781609195,9.6
182,1996-03,11029.2546,10746.4532,18705.2926,10241.450700000001,1996-03,50.9,88.5,60.0,83.9,61.6,,,54.4,,49.5,,39.7,46.2,,53.3,88.8,88.2,45.5,48.2,34.0,131.4,84.6,,5.25,1.49082568807339,9.7
183,1996-04,11009.0545,10746.4532,18725.492700000003,10201.0505,1996-04,50.9,87.9,60.1,83.8,61.4,,,54.2,,49.0,,39.5,46.4,,53.3,88.8,88.2,45.5,48.2,34.1,130.8,82.9,,5.0,1.37142857142858,9.4
184,1996-05,11009.0545,10746.4532,18705.2926,10261.6508,1996-05,50.7,87.9,60.3,83.0,61.4,,,54.4,,49.3,,39.4,46.0,,53.3,88.8,88.1,45.6,48.0,34.1,129.6,82.6,,5.0,1.4823261117446,9.3
185,1996-06,11009.0545,10746.4532,18887.0935,10261.6508,1996-06,50.7,88.5,60.6,83.3,61.4,,,54.7,,49.1,,39.5,46.0,,53.3,88.8,88.1,45.7,48.0,34.5,127.8,82.2,,5.0,1.4823261117446,9.9
186,1996-07,11009.0545,10746.4532,18846.6933,10423.251600000001,1996-07,50.7,87.9,60.7,83.3,61.4,,,54.7,,48.9,,39.5,45.8,,53.6,88.8,88.1,45.7,48.0,34.6,127.7,82.1,,4.75,1.2514220705347,9.8
187,1996-08,11009.0545,10746.4532,18765.892900000003,10463.6518,1996-08,50.7,88.4,60.6,83.3,61.4,,,54.7,,49.0,,39.5,46.7,,53.6,88.8,88.0,45.7,47.8,34.6,130.4,81.8,,4.25,1.4823261117446,9.5
188,1996-09,11009.0545,10746.4532,19149.6948,10423.251600000001,1996-09,50.7,88.0,60.6,83.3,61.8,,,54.7,,49.1,,39.3,46.6,,53.6,88.8,88.0,45.7,48.0,34.9,130.4,81.8,,4.25,1.48063781321184,9.9
189,1996-10,11009.0545,10746.4532,19250.6953,10342.451200000001,1996-10,50.7,88.9,60.4,83.2,61.8,,,54.7,,49.4,,39.5,46.6,,53.6,88.8,88.0,45.9,48.0,35.1,129.5,80.8,,3.5,1.82440136830104,10.0
190,1996-11,11009.0545,10746.4532,19674.8974,10261.6508,1996-11,50.6,87.9,60.4,83.3,61.7,,,54.6,,49.9,,39.7,47.0,,53.2,93.1,88.2,45.9,48.0,35.5,128.5,81.0,,3.25,1.93181818181819,9.9
191,1996-12,11029.2546,10786.8534,20139.4997,10382.8514,1996-12,50.6,87.8,60.4,83.3,61.7,,,54.8,,49.9,,39.7,46.8,,53.2,93.1,88.2,46.3,48.1,36.2,126.5,80.2,,3.25,2.16400911161731,9.7
192,1997-01,11029.2546,10766.6533,20422.3011,10039.449700000001,1997-01,50.6,87.8,60.0,83.3,61.7,,,54.9,,50.2,,40.0,46.9,,53.8,93.3,87.8,46.3,48.5,36.3,127.2,80.1,,3.25,2.15909090909091,9.6
193,1997-02,11029.2546,10786.8534,20220.3001,10180.8504,1997-02,50.6,88.4,60.1,82.7,61.9,,,54.9,,49.8,,40.2,47.8,,54.1,94.0,88.1,46.3,48.8,36.4,127.3,80.2,,3.25,2.27014755959136,9.6
194,1997-03,10988.8544,10625.2526,19715.297599999998,10039.449700000001,1997-03,50.6,88.4,60.1,82.9,61.9,,,54.9,,49.8,,40.2,48.5,,54.1,94.1,88.1,46.6,48.8,36.7,127.3,80.1,,3.25,1.92090395480226,9.4
195,1997-04,11009.0545,10625.2526,19371.895900000003,10605.0525,1997-04,49.3,88.4,59.1,80.5,61.4,,,54.6,,50.1,,40.6,48.5,,53.8,93.9,88.1,46.6,48.9,36.8,126.5,80.2,,3.25,1.69109357384441,9.5
196,1997-05,10988.8544,10625.2526,19533.4967,10443.451700000001,1997-05,49.8,88.4,58.2,80.1,61.2,,,54.2,,50.0,,40.9,48.4,,54.2,93.9,87.8,46.6,49.0,36.9,125.5,80.1,,3.25,1.46067415730337,9.5
197,1997-06,11110.055,10908.054,19695.0975,10483.8519,1997-06,49.6,88.5,58.3,80.0,61.1,,,54.4,,50.0,,40.9,48.8,,54.2,94.2,87.8,46.8,49.1,37.2,126.4,79.4,,3.25,1.68539325842696,9.3
198,1997-07,11231.2556,10887.8539,19836.4982,10443.451700000001,1997-07,49.6,88.8,58.3,79.8,61.1,,,54.4,,50.1,,41.2,49.1,,54.2,94.2,87.7,46.8,49.1,37.3,126.4,78.6,,3.5,1.68539325842696,9.1
199,1997-08,11130.2551,10908.054,18644.6923,10524.2521,1997-08,49.3,89.2,59.2,79.5,61.2,,,54.6,,50.1,,41.1,49.9,,54.1,94.8,87.3,46.8,49.4,37.4,126.0,78.1,,3.5,1.79775280898875,9.0
200,1997-09,11130.2551,10908.054,18220.4902,10443.451700000001,1997-09,49.3,88.1,59.0,79.4,61.2,,,54.6,,50.0,,41.2,50.1,,54.2,94.8,86.2,47.0,49.4,37.6,124.2,77.8,,3.5,1.68350168350168,8.9
201,1997-10,11089.8549,10867.6538,17574.087,10423.251600000001,1997-10,49.3,86.7,58.8,79.5,61.4,,,54.7,,49.9,,41.3,50.0,,54.2,95.0,86.2,47.0,49.8,38.0,123.6,76.4,,3.75,1.45576707726762,8.9
202,1997-11,10988.8544,10584.8524,16907.4837,10544.452200000002,1997-11,49.2,85.6,58.9,79.5,61.5,,,54.7,,50.0,,42.1,50.1,,54.2,95.0,85.7,47.0,49.8,38.3,122.9,76.0,,4.0,0.891861761426978,8.9
203,1997-12,11190.8554,10867.6538,16442.881400000002,10706.053,1997-12,49.3,85.6,58.9,79.6,61.5,,,54.7,,50.1,,42.1,50.2,,54.2,95.0,85.7,47.0,50.0,38.8,123.2,76.2,,4.5,0.780379041248615,8.5
204,1998-01,11312.056,10988.8544,16180.2801,10887.8539,1998-01,49.3,84.2,58.8,79.4,61.5,,,54.6,,49.9,,42.4,50.5,,54.2,95.0,85.6,47.0,50.5,39.6,121.8,75.2,,4.5,1.11234705228032,8.9
205,1998-02,11271.6558,10928.2541,16099.479700000002,10948.4542,1998-02,49.3,85.5,58.8,79.2,61.6,,,54.9,,50.0,,42.4,50.8,,54.0,95.0,85.0,47.1,50.5,39.8,120.3,74.9,,5.0,0.998890122086575,8.6
206,1998-03,11372.6563,11089.8549,16099.479700000002,10685.8529,1998-03,49.3,85.5,58.8,79.1,61.6,,,54.9,,50.1,,42.5,50.9,,54.3,95.0,85.2,47.1,50.8,40.0,119.1,74.5,,5.0,0.997782705099767,8.4
207,1998-04,11372.6563,11089.8549,15614.6773,10988.8544,1998-04,49.1,85.5,60.0,78.8,61.7,,,54.9,,50.0,,42.6,51.2,,54.3,95.0,84.4,47.1,51.0,40.3,117.3,73.3,,5.0,0.886917960088691,8.4
208,1998-05,11332.2561,11029.2546,15129.8749,11069.6548,1998-05,48.8,85.5,60.5,78.5,61.6,,,54.8,,50.0,,42.8,50.8,,54.3,95.0,84.3,47.1,51.3,40.5,114.9,73.5,,5.0,1.10741971207087,8.4
209,1998-06,11312.056,10988.8544,15028.8744,11291.8559,1998-06,48.7,84.9,60.5,78.4,61.6,,,54.8,,50.1,,43.0,50.9,,54.3,95.1,84.3,47.2,51.3,40.8,113.1,73.2,,5.0,0.994475138121552,8.5
210,1998-07,11352.4562,11029.2546,15049.0745,11372.6563,1998-07,48.7,85.0,59.6,78.4,61.6,,,54.8,,50.4,,43.1,50.8,,54.3,95.1,84.2,47.2,51.4,41.1,113.2,73.1,,5.0,0.994475138121552,8.4
211,1998-08,11352.4562,11049.4547,14927.873900000002,11615.0575,1998-08,48.7,85.0,59.8,78.2,61.6,,,54.8,,50.4,,43.0,51.2,,54.4,94.9,84.3,47.2,51.3,41.2,113.4,72.6,,5.0,0.883002207505533,8.2
212,1998-09,11352.4562,11069.6548,15129.8749,11473.656799999999,1998-09,48.7,86.9,59.8,78.1,61.2,,,54.8,,50.5,,43.3,51.6,,54.4,94.2,84.2,47.2,51.4,41.3,112.3,71.8,,5.75,0.662251655629158,8.3
213,1998-10,11372.6563,11089.8549,15049.0745,11837.258600000001,1998-10,48.7,88.0,59.9,78.1,61.2,,,55.0,,50.6,,43.4,51.6,,54.8,94.2,84.2,47.2,51.5,41.3,112.4,71.5,,5.5,1.10375275938191,8.1
214,1998-11,11332.2561,11029.2546,15291.4757,11877.6588,1998-11,48.6,88.5,59.9,78.1,61.3,,,55.0,,50.7,,43.5,51.6,,54.8,94.2,84.2,47.3,51.6,41.4,111.8,71.2,,5.25,1.21546961325967,8.1
215,1998-12,11392.8564,11150.4552,15493.476700000001,11796.8584,1998-12,48.3,88.1,59.9,78.4,61.3,,,55.0,,50.5,,43.4,51.7,,54.8,94.2,84.2,47.3,51.6,41.6,112.3,71.0,,5.25,0.995575221238927,8.2
216,1999-01,11413.0565,11049.4547,15392.476200000001,10726.2531,1999-01,48.9,86.9,60.8,78.4,61.7,,,55.1,,50.3,,43.6,51.3,,54.8,95.6,83.9,47.3,51.7,41.8,111.9,70.0,,5.25,0.660066006600663,8.0
217,1999-02,11534.2571,11271.6558,15614.6773,10463.6518,1999-02,48.9,86.9,60.8,78.6,62.2,,,55.4,,50.5,,43.7,51.3,,54.9,94.8,83.8,47.3,51.7,42.0,110.9,69.7,,5.25,0.659340659340662,7.9
218,1999-03,11413.0565,11049.4547,15978.2791,10706.053,1999-03,48.9,86.9,60.8,78.7,62.5,,,55.7,,50.9,,43.7,51.3,,54.9,94.9,83.7,47.3,51.8,42.3,109.8,69.7,,5.0,0.987925356750844,7.9
219,1999-04,11493.8569,11089.8549,16301.4807,10443.451700000001,1999-04,48.9,86.6,60.8,78.6,62.8,,,55.8,,51.1,,43.7,51.2,,54.7,95.6,83.7,47.4,51.7,42.4,110.0,69.7,,5.0,1.64835164835166,8.3
220,1999-05,11493.8569,11110.055,16463.0815,10261.6508,1999-05,48.9,86.6,60.9,78.8,62.9,,,55.9,,50.9,,43.7,51.3,,54.7,95.5,83.6,47.4,51.8,42.5,109.5,69.6,,4.75,1.53340635268346,8.0
221,1999-06,11635.2576,11049.4547,16624.6823,10281.8509,1999-06,48.9,86.6,61.4,78.8,62.9,,,56.1,,51.3,,43.7,51.5,,54.7,95.1,83.5,47.8,51.8,42.6,109.6,69.4,,4.75,1.64113785557988,7.7
222,1999-07,11635.2576,11130.2551,16685.2826,10403.0515,1999-07,48.9,87.5,61.9,78.7,62.9,,,56.1,,52.0,,43.8,51.3,,54.7,95.4,83.3,47.9,52.1,42.7,109.3,69.5,,4.75,1.85995623632384,7.7
223,1999-08,11655.4577,11130.2551,16422.6813,10362.6513,1999-08,49.5,87.5,62.4,78.8,62.9,,,56.5,,52.5,,43.8,51.8,,55.0,95.4,83.2,48.6,52.6,43.0,107.7,69.3,,4.75,2.07877461706782,7.5
224,1999-09,11635.2576,11110.055,16301.4807,10342.451200000001,1999-09,49.5,87.5,62.4,79.3,63.0,,,56.5,,52.8,,44.3,52.0,,55.2,95.8,83.2,49.1,52.7,43.2,105.7,69.0,,4.75,2.6315789473684,7.5
225,1999-10,11635.2576,11089.8549,16281.2806,10423.251600000001,1999-10,49.6,88.0,62.8,79.6,62.9,,,56.8,,53.0,,44.4,52.2,,55.4,95.8,82.6,49.1,52.7,43.3,104.7,68.8,,4.75,2.29257641921398,7.3
226,1999-11,11635.2576,11089.8549,16301.4807,10281.8509,1999-11,48.7,88.2,63.1,79.5,63.1,,,57.1,,53.2,,44.8,52.3,,55.6,95.8,82.5,49.1,53.0,43.4,103.7,68.8,,5.0,2.18340611353711,7.0
227,1999-12,11655.4577,11130.2551,16463.0815,10403.0515,1999-12,48.7,88.2,63.1,79.6,63.1,,,57.1,,53.5,,45.0,52.7,,55.6,95.8,82.5,49.3,53.0,43.5,103.2,69.1,,5.0,2.62869660460023,6.9
228,2000-01,11837.258600000001,11554.4572,17089.2846,10382.8514,2000-01,48.9,88.2,63.1,79.3,64.1,,,57.2,,53.3,,45.0,52.8,,55.6,95.8,82.5,49.3,53.2,43.5,102.4,69.0,,5.0,2.18579234972678,6.8
229,2000-02,11897.8589,11695.8579,17069.0845,10443.451700000001,2000-02,49.7,88.2,63.4,79.3,64.1,,,57.3,,53.9,,45.4,53.1,,56.4,96.7,82.2,49.3,53.2,43.6,102.3,69.2,,5.25,2.7292576419214,6.8
230,2000-03,11877.6588,11675.657799999999,17190.2851,10524.2521,2000-03,49.8,88.2,63.4,79.1,64.2,,,57.5,,53.8,,45.5,53.3,,56.3,96.4,82.5,49.3,53.4,43.7,101.3,68.6,,5.5,3.04347826086955,6.8
231,2000-04,11918.059000000001,11716.058,17250.885400000003,10625.2526,2000-04,49.8,88.2,64.3,79.3,64.2,,,57.8,,54.0,,45.6,53.7,,56.4,96.4,82.5,49.3,53.4,43.7,101.3,68.7,,5.5,2.16216216216217,6.8
232,2000-05,11857.458700000001,11433.2566,17149.8849,10665.6528,2000-05,50.5,88.2,64.3,78.4,64.3,,,58.1,,54.3,,45.8,53.3,,56.7,96.4,82.4,49.4,53.7,44.0,101.4,68.6,,6.0,2.37324703344121,6.7
233,2000-06,11857.458700000001,11413.0565,17170.085,10564.6523,2000-06,50.6,88.2,64.3,78.6,64.3,,,58.1,,54.7,,45.8,53.8,,56.8,96.4,82.2,50.3,53.8,43.8,101.4,68.6,,6.0,2.79870828848223,6.8
234,2000-07,11756.458200000001,11372.6563,17109.4847,10625.2526,2000-07,51.1,88.2,64.4,78.4,64.3,,,58.1,,55.8,,45.8,53.5,,57.0,96.4,82.3,50.3,53.8,44.0,101.1,68.4,,6.0,2.90010741138561,6.8
235,2000-08,11756.458200000001,11392.8564,17250.885400000003,10645.452700000002,2000-08,51.2,89.5,64.4,78.5,64.4,,,58.9,,56.9,,45.9,53.8,,57.0,96.4,81.8,50.3,53.9,44.0,101.1,68.5,,6.0,2.57234726688106,7.1
236,2000-09,11756.458200000001,11433.2566,17089.2846,10625.2526,2000-09,51.1,89.5,64.1,78.1,64.4,,,59.3,,58.5,,45.9,54.0,,57.4,96.4,80.9,50.3,53.5,44.0,101.3,68.5,,6.0,2.67094017094017,7.0
237,2000-10,11756.458200000001,11372.6563,17149.8849,10887.8539,2000-10,51.1,89.7,64.5,78.5,64.4,,,59.5,,59.2,,46.0,54.0,,57.3,96.4,81.5,50.3,53.5,44.1,100.8,68.5,,6.0,2.77481323372465,7.1
238,2000-11,11756.458200000001,11372.6563,17149.8849,11110.055,2000-11,51.1,89.5,65.3,78.0,64.5,,,59.8,,60.7,,46.4,54.1,,57.3,96.4,81.2,50.5,53.5,44.1,101.9,68.5,,6.0,3.20512820512822,7.0
239,2000-12,11736.258100000001,11352.4562,16927.6838,10867.6538,2000-12,51.1,89.4,65.3,78.3,64.5,,,59.8,,61.6,,46.5,53.8,,57.3,96.4,80.9,50.5,53.5,44.1,102.4,68.1,,6.0,3.2017075773746,6.9
240,2001-01,11817.058500000001,11958.459200000001,17008.484200000003,11150.4552,2001-01,51.1,89.7,65.7,78.3,65.1,,,60.2,,62.4,,46.7,53.8,,57.3,96.4,80.9,50.5,53.5,44.2,102.1,68.1,,5.75,2.9946524064171,6.9
241,2001-02,11756.458200000001,11796.8584,17069.0845,11312.056,2001-02,51.1,89.7,65.7,77.6,65.5,,,60.8,,62.9,,46.7,54.1,,57.6,96.4,80.8,50.5,53.5,44.3,102.6,68.3,,5.75,2.8692879914984,7.0
242,2001-03,11756.458200000001,11817.058500000001,17250.885400000003,11554.4572,2001-03,51.1,89.9,65.7,77.8,65.5,,,61.0,,63.2,,47.1,54.1,,57.8,96.3,80.9,51.1,53.6,44.4,102.8,68.5,,5.25,2.42616033755275,7.2
243,2001-04,11716.058,11756.458200000001,17190.2851,11554.4572,2001-04,51.1,89.8,65.7,77.8,65.5,,,61.2,,63.6,,47.3,54.3,,58.6,96.4,80.8,51.1,53.9,44.4,102.8,68.6,,5.0,3.49206349206348,7.2
244,2001-05,11675.657799999999,11655.4577,15533.876900000001,11473.656799999999,2001-05,51.3,89.8,65.8,78.7,65.5,,,61.5,,64.1,,47.3,54.6,,58.6,96.4,80.6,51.1,53.9,44.4,102.9,68.7,,4.75,3.89884088514225,7.0
245,2001-06,11716.058,11635.2576,14968.274099999999,11291.8559,2001-06,51.0,89.8,65.8,78.5,66.6,,,61.8,,64.1,,47.6,55.0,,58.7,96.4,80.9,51.1,54.1,44.8,102.9,68.8,,4.75,3.35078534031415,7.2
246,2001-07,11817.058500000001,11837.258600000001,14746.073,11392.8564,2001-07,52.5,89.8,65.8,78.8,66.6,,,61.8,,64.5,,47.6,55.3,,58.6,96.4,80.9,51.1,54.5,45.0,103.1,69.4,,4.5,2.71398747390399,7.2
247,2001-08,11796.8584,11817.058500000001,14503.6718,11332.2561,2001-08,52.5,88.4,66.4,78.8,66.5,,,61.9,,64.6,,47.8,55.2,,58.8,96.4,81.0,51.1,54.7,45.0,103.1,69.6,,4.25,2.82131661442006,7.3
248,2001-09,11796.8584,11796.8584,14342.071,11594.8574,2001-09,52.5,88.6,66.4,78.9,66.7,,,62.3,,64.6,,47.8,55.7,,58.9,96.4,81.4,51.2,54.8,45.2,102.9,70.0,,3.75,2.60145681581686,7.2
249,2001-10,11857.458700000001,11837.258600000001,14483.4717,11534.2571,2001-10,52.5,88.6,66.8,79.1,66.2,,,62.4,,65.1,,47.8,56.1,,59.1,96.4,81.3,51.2,54.9,45.2,103.1,70.3,,3.0,1.86915887850467,7.3
250,2001-11,11857.458700000001,11857.458700000001,14220.870400000002,11756.458200000001,2001-11,52.5,88.6,67.1,79.1,66.2,,,62.6,,65.2,,48.0,55.5,,59.6,96.4,81.2,51.5,55.2,45.6,103.2,70.6,,2.5,0.621118012422363,7.5
251,2001-12,11938.259100000001,12039.259600000001,14463.2716,11594.8574,2001-12,52.5,88.5,67.1,79.2,66.2,,,62.6,,66.0,,48.1,55.7,,59.4,96.4,81.8,51.5,55.4,45.7,103.2,70.6,,2.5,0.723888314374347,8.1
252,2002-01,12281.6608,12524.062,14342.071,11635.2576,2002-01,52.2,88.5,67.6,79.2,66.8,,,62.8,,67.1,,48.2,55.9,,60.3,96.4,81.6,51.6,55.8,46.0,103.2,70.8,,2.25,1.34994807892004,8.2
253,2002-02,12322.061,12544.2621,14463.2716,11655.4577,2002-02,52.9,88.6,67.6,79.3,67.3,,,63.0,,67.5,,48.9,56.4,,60.3,96.4,81.6,51.7,56.9,46.2,103.6,71.0,,2.25,1.44628099173555,8.0
254,2002-03,12221.0605,12261.460700000001,14483.4717,11615.0575,2002-03,53.1,88.6,67.6,79.3,67.7,,,63.5,,68.0,,49.0,56.2,,60.1,96.4,80.9,52.0,57.7,46.9,103.6,71.4,,2.25,1.85375901132854,8.0
255,2002-04,12241.260600000001,12322.061,14907.6738,11615.0575,2002-04,52.9,88.6,68.4,79.3,68.2,,,64.4,,70.0,,49.3,56.9,,60.5,96.4,81.4,52.2,58.1,47.1,103.4,71.7,,2.5,1.73824130879346,7.8
256,2002-05,12221.0605,12241.260600000001,15614.6773,11372.6563,2002-05,53.4,88.6,68.5,81.0,68.5,,,64.8,,70.6,,49.7,57.6,,60.3,96.3,81.6,52.2,58.9,47.6,108.5,71.9,,2.5,1.11561866125761,7.8
257,2002-06,12241.260600000001,12322.061,15735.877900000001,11312.056,2002-06,53.7,88.6,68.5,80.8,68.8,,,64.9,,70.8,,49.7,58.1,,60.8,96.3,80.9,52.5,59.5,47.8,108.8,71.9,,2.75,1.21580547112463,7.7
258,2002-07,12281.6608,12301.8609,15412.6763,11231.2556,2002-07,53.9,88.6,68.7,80.7,68.8,,,64.9,,70.7,,49.9,58.4,,60.6,96.3,81.2,52.6,59.8,47.9,109.6,71.9,,3.0,2.13414634146341,7.7
259,2002-08,12281.6608,12281.6608,15493.476700000001,11372.6563,2002-08,54.0,89.1,68.7,81.0,69.8,,,65.5,,71.4,,50.2,58.7,,60.8,96.4,81.5,52.6,60.0,48.2,109.6,71.9,,3.0,2.54065040650407,7.5
260,2002-09,12322.061,12362.461200000002,15776.2781,11594.8574,2002-09,54.7,89.1,68.8,81.0,70.3,,,65.9,,71.4,,50.3,59.1,,61.1,96.4,82.1,53.3,60.3,48.3,109.6,72.0,,3.0,2.33265720081138,7.6
261,2002-10,12281.6608,12261.460700000001,15857.0785,11594.8574,2002-10,54.9,89.1,68.8,81.0,71.2,,,66.2,,72.5,,50.8,60.7,,62.0,96.4,81.9,53.3,60.4,48.4,111.1,72.6,,3.0,3.16004077471968,7.6
262,2002-11,12382.6613,12301.8609,15857.0785,11554.4572,2002-11,54.7,89.1,69.2,81.0,72.3,,,67.9,,72.5,,51.3,61.3,,62.0,96.4,81.9,53.6,61.3,48.6,111.3,72.8,,3.0,4.42386831275721,7.5
263,2002-12,12382.6613,12261.460700000001,15857.0785,11392.8564,2002-12,54.9,89.1,69.2,81.0,72.3,,,67.9,,72.5,,51.4,61.5,,62.2,96.4,82.2,53.6,61.4,49.1,111.6,72.8,,3.0,3.79876796714578,7.6
264,2003-01,12705.8629,12746.2631,15958.079,11796.8584,2003-01,55.1,89.1,69.9,82.1,73.5,,,68.7,,72.5,,51.4,61.5,,62.4,96.4,82.2,53.6,61.8,49.2,111.6,73.2,,3.0,4.50819672131148,7.6
265,2003-02,12705.8629,12746.2631,15958.079,11675.657799999999,2003-02,55.4,89.1,69.9,82.0,74.6,,,69.7,,72.8,,51.9,61.5,,63.0,96.4,82.5,54.0,62.3,49.4,111.6,74.2,,3.0,4.68431771894092,7.6
266,2003-03,12847.2636,12726.063,15614.6773,11392.8564,2003-03,55.4,89.1,69.9,82.0,74.8,,,69.0,,72.6,,52.0,62.2,,64.0,96.4,82.1,54.2,62.4,49.7,112.8,74.5,,3.25,4.24671385237611,7.5
267,2003-04,12847.2636,12726.063,15655.077500000001,11150.4552,2003-04,55.8,89.1,71.5,82.0,75.8,,,69.1,,72.7,,52.3,62.5,,64.7,96.4,82.2,54.2,62.4,49.9,114.2,74.8,,3.5,2.91457286432162,7.7
268,2003-05,12907.8639,12726.063,14907.6738,10584.8524,2003-05,55.9,89.1,71.8,82.8,76.0,,,69.2,,72.8,,53.0,62.8,,64.8,96.4,82.2,54.2,62.4,50.0,114.7,75.4,,3.5,2.80842527582749,7.9
269,2003-06,12948.264099999999,12806.8634,14099.6698,10281.8509,2003-06,56.1,89.1,71.8,82.8,76.0,,,69.5,,73.2,,53.2,62.8,,64.8,96.4,82.1,54.6,62.5,50.3,115.6,75.4,,3.5,2.60260260260258,7.7
270,2003-07,13008.864400000002,12928.064,13816.868400000001,10706.053,2003-07,56.1,89.1,71.8,82.9,76.0,,,69.5,,73.2,,53.6,63.7,,65.0,96.4,81.9,54.6,62.5,50.4,117.1,75.5,,3.25,2.08955223880597,7.8
271,2003-08,12968.4642,12806.8634,13998.6693,10665.6528,2003-08,56.4,89.1,71.8,83.5,77.2,,,70.2,,73.3,,54.1,64.0,,65.0,96.4,82.2,54.6,62.6,50.5,117.8,75.4,,3.25,1.98216055500496,7.9
272,2003-09,13008.864400000002,12928.064,14220.870400000002,10504.052,2003-09,57.3,89.6,71.8,83.5,78.3,,,70.8,,73.9,,54.3,63.8,,65.1,96.4,82.3,55.0,63.7,50.8,119.0,75.5,,3.0,2.18037661050542,7.9
273,2003-10,12988.6643,12827.0635,14220.870400000002,10180.8504,2003-10,57.2,90.0,71.8,83.5,78.4,,,71.4,,74.6,,54.5,64.1,,65.1,96.4,82.6,55.0,64.3,51.4,119.1,76.0,,3.0,1.58102766798419,7.6
274,2003-11,12948.264099999999,12766.4632,14564.272099999998,10019.249600000001,2003-11,57.2,90.7,71.8,83.5,79.3,,,71.9,,75.1,,55.3,64.5,,65.8,96.4,82.7,55.2,64.4,51.7,120.1,76.5,,3.0,1.57635467980293,7.5
275,2003-12,13008.864400000002,12948.264099999999,14786.4732,10100.050000000001,2003-12,57.5,91.0,72.6,83.5,79.3,,,72.0,,75.3,,55.4,64.4,,66.6,96.4,82.7,55.8,64.4,52.4,120.4,76.6,,3.0,2.07715133531158,7.4
276,2004-01,13190.6653,13089.6648,14725.872900000002,10948.4542,2004-01,57.4,91.4,72.6,83.5,79.7,,,72.2,,75.6,,55.5,64.6,,66.4,96.4,82.6,55.8,64.6,52.4,120.5,77.9,,2.75,1.27450980392157,7.4
277,2004-02,13251.265599999999,13089.6648,14685.4727,11291.8559,2004-02,57.6,92.2,72.6,83.7,79.9,,,72.7,,76.4,,55.9,65.3,,67.8,96.4,83.9,55.8,64.4,52.5,120.7,78.1,,2.75,0.680933852140072,7.4
278,2004-03,13170.4652,12867.4637,15049.0745,11291.8559,2004-03,57.8,92.5,72.6,83.7,79.9,,,73.2,,77.1,,56.1,64.9,,68.0,96.4,83.9,56.8,64.6,52.6,122.7,78.7,,2.5,0.77594568380216,7.4
279,2004-04,13210.8654,12988.6643,15089.4747,11413.0565,2004-04,58.1,92.5,72.6,83.7,80.3,,,74.0,,77.7,,56.7,65.5,,68.0,96.4,83.4,57.1,64.9,52.9,124.2,79.2,,2.25,1.66015624999999,7.3
280,2004-05,13130.065,12766.4632,15069.274599999999,11716.058,2004-05,58.9,92.9,73.2,84.0,81.1,,,74.4,,78.0,,57.7,66.7,,68.1,96.4,84.3,57.5,65.2,53.2,125.5,79.9,,2.25,2.4390243902439,7.2
281,2004-06,13109.864900000002,12726.063,14988.4742,11534.2571,2004-06,59.4,92.9,73.2,84.4,81.1,,,74.5,,78.8,,58.1,67.2,,68.5,96.4,84.0,59.3,65.8,53.4,126.4,80.1,,2.25,2.53658536585365,7.3
282,2004-07,13130.065,12766.4632,14907.6738,11231.2556,2004-07,59.8,92.9,73.2,84.2,81.1,,,74.5,,78.8,,58.2,67.5,,68.6,96.5,84.3,59.3,66.0,53.6,126.9,80.2,,2.25,2.3391812865497,7.1
283,2004-08,13109.864900000002,12705.8629,15129.8749,11150.4552,2004-08,60.4,93.5,73.2,85.2,81.4,,,75.3,,79.2,,58.5,67.4,,68.7,96.8,84.5,59.3,66.0,53.8,128.2,80.8,,2.25,1.84645286686102,7.1
284,2004-09,13130.065,12584.6623,15049.0745,10948.4542,2004-09,60.7,93.5,73.2,85.2,81.4,,,75.9,,79.2,,58.6,68.1,,68.9,97.0,84.7,59.6,66.2,54.0,128.7,81.0,,2.5,1.84287099903008,7.0
285,2004-10,13109.864900000002,12544.2621,15170.275099999999,10605.0525,2004-10,60.7,94.3,73.2,85.3,81.9,,,76.2,,79.8,,58.7,68.4,,69.1,97.0,84.7,59.6,66.8,54.2,128.2,81.1,,2.75,2.33463035019456,7.2
286,2004-11,13089.6648,12483.6618,14503.6718,10160.6503,2004-11,61.2,94.3,73.2,86.4,82.4,,,76.7,,79.8,,58.9,69.6,,69.3,97.0,85.0,59.6,66.9,54.1,128.2,81.7,,2.75,2.42483026188168,7.3
287,2004-12,13130.065,12645.2626,13958.2691,10362.6513,2004-12,61.2,94.3,73.2,86.4,82.4,,,76.7,,80.2,,59.0,69.5,,69.9,97.0,85.0,60.1,67.0,54.2,129.1,81.8,,2.75,2.13178294573643,7.2
288,2005-01,13695.6678,13655.2676,13897.6688,14766.273099999999,2005-01,61.7,94.3,73.2,87.0,82.8,,,77.1,,80.7,,59.1,69.8,,70.3,97.4,85.0,61.1,67.0,54.3,129.3,81.7,,2.75,1.93610842207164,7.0
289,2005-02,13796.6683,13938.069,13715.867900000001,14927.873900000002,2005-02,62.0,95.6,73.2,88.0,83.2,,,77.4,,80.9,,59.2,70.1,,70.5,97.8,85.1,61.1,67.7,54.6,131.0,81.8,,2.75,2.1256038647343,7.1
290,2005-03,13796.6683,13897.6688,13695.6678,14645.0725,2005-03,62.1,95.4,73.2,88.0,83.2,,,78.0,,81.2,,59.5,70.2,,70.9,97.0,84.8,61.6,68.1,54.9,132.1,81.8,,2.75,2.3099133782483,7.0
291,2005-04,13756.2681,13837.068500000001,13695.6678,14887.4737,2005-04,62.0,95.9,73.2,88.0,83.7,,,78.2,,81.1,,60.0,71.0,,72.3,97.0,84.7,61.6,68.2,55.2,132.0,82.2,,2.75,2.40153698366956,6.8
292,2005-05,13695.6678,13655.2676,13433.0665,15109.6748,2005-05,63.0,96.6,73.2,87.6,84.0,,,78.2,,81.5,,60.3,71.9,,73.2,97.8,85.4,61.7,68.4,55.5,131.5,82.9,,2.75,1.61904761904761,7.0
293,2005-06,13675.467700000001,13594.6673,13291.665799999999,14927.873900000002,2005-06,63.0,97.1,73.2,88.0,84.0,,,78.4,,81.8,,60.2,71.8,,73.2,98.0,85.2,63.2,69.3,56.2,132.3,82.9,,2.75,1.71265461465273,6.9
294,2005-07,13695.6678,13655.2676,13089.6648,14725.872900000002,2005-07,63.0,97.1,73.3,88.2,84.0,,,78.4,,82.9,,60.2,72.3,,73.1,98.0,85.8,63.2,69.7,56.2,132.5,83.2,,2.75,2.0,6.7
295,2005-08,13695.6678,13635.067500000001,12746.2631,14483.4717,2005-08,63.1,97.9,76.7,88.4,84.6,,,78.6,,82.9,,60.4,71.8,,73.1,98.0,85.7,63.5,70.0,56.5,136.8,83.1,,2.75,2.57633587786259,6.8
296,2005-09,13675.467700000001,13614.867400000001,12402.8614,14180.470200000002,2005-09,63.6,98.6,77.9,89.0,84.6,,,79.1,,83.2,,60.6,72.0,,73.3,98.0,86.1,63.7,70.7,57.9,137.6,83.5,,3.0,3.23809523809524,6.8
297,2005-10,13675.467700000001,13574.467200000001,12281.6608,14180.470200000002,2005-10,64.0,98.4,77.9,89.0,85.3,,,79.3,,84.0,,61.0,72.5,,73.3,97.9,86.2,63.8,71.2,60.6,137.6,83.5,,3.25,2.56653992395438,6.8
298,2005-11,13715.867900000001,13655.2676,12625.0625,14220.870400000002,2005-11,64.0,98.4,77.9,89.2,85.9,,,79.5,,83.6,,61.0,72.2,,73.7,97.9,86.4,63.9,71.7,62.9,138.1,83.6,,3.25,1.98863636363636,6.4
299,2005-12,13675.467700000001,13574.467200000001,12726.063,13978.469200000001,2005-12,64.1,97.9,77.9,89.2,85.9,,,79.4,,83.6,,61.0,73.0,,74.3,97.6,85.9,64.5,72.8,66.4,136.0,84.0,,3.5,2.08728652751423,6.6
300,2006-01,14119.869900000002,14099.6698,12665.4627,14806.6733,2006-01,64.1,96.3,77.9,90.2,86.2,,,79.7,,83.8,,61.6,73.8,,75.6,98.2,85.9,64.6,75.0,68.0,135.6,85.6,,3.75,2.75403608736943,6.7
301,2006-02,14281.470700000002,14483.4717,12766.4632,14685.4727,2006-02,64.4,95.9,77.9,90.3,86.8,,,80.1,,83.8,,61.7,73.7,,76.1,98.2,86.4,65.0,76.0,70.0,135.6,86.9,,3.75,2.17596972563862,6.5
302,2006-03,14200.6703,14342.071,13069.4647,14806.6733,2006-03,64.3,97.9,77.9,91.0,86.8,,,80.3,,83.9,,61.9,74.4,,76.2,98.2,86.2,65.5,77.4,74.3,136.6,87.3,,4.0,2.16368767638759,6.4
303,2006-04,14119.869900000002,14079.469700000001,13392.666299999999,14624.872400000002,2006-04,64.3,97.9,77.9,91.0,86.8,,,81.1,,84.3,,62.3,74.7,,76.8,96.4,86.8,65.7,79.7,78.8,136.3,88.4,,4.25,2.4390243902439,6.4
304,2006-05,14140.07,14200.6703,13453.266599999999,14200.6703,2006-05,64.5,99.2,77.9,91.3,87.1,,,81.4,,84.9,,62.5,74.5,,76.1,96.8,86.6,66.6,83.5,82.2,134.3,88.8,,4.5,2.81162136832241,6.2
305,2006-06,14039.0695,13938.069,13776.468200000001,14241.0705,2006-06,64.5,99.2,78.0,91.1,87.2,,,81.6,,84.8,,62.8,75.3,,76.0,97.3,86.3,67.0,88.0,87.3,134.6,89.0,,4.5,2.43217960710943,6.2
306,2006-07,14140.07,14200.6703,13796.6683,14443.0715,2006-07,66.5,99.7,78.3,91.6,87.2,,,81.6,,85.6,,63.1,76.9,,76.1,97.9,86.3,67.5,89.1,90.5,132.5,89.8,,4.5,2.33426704014938,6.4
307,2006-08,14140.07,14200.6703,14018.869400000001,14301.6708,2006-08,66.4,99.8,78.3,91.5,87.2,,,82.2,,86.2,,63.5,77.2,,77.7,97.9,86.7,67.7,93.2,93.9,133.6,92.9,,4.5,2.13953488372094,6.4
308,2006-09,14140.07,14200.6703,14099.6698,14281.470700000002,2006-09,66.1,99.5,78.3,91.6,87.2,,,82.3,,86.3,,63.5,77.2,,78.8,97.9,86.7,68.3,95.9,94.3,133.7,93.8,,4.5,0.7380073800738,6.4
309,2006-10,14180.470200000002,14281.470700000002,14422.871400000002,14443.0715,2006-10,66.1,99.5,78.3,91.6,87.3,,,82.6,,86.4,,63.5,77.5,,78.8,97.2,87.1,68.6,97.7,93.6,132.4,94.4,,4.5,1.01946246524558,6.2
310,2006-11,14160.2701,14261.2706,14523.871900000002,14523.871900000002,2006-11,66.6,100.2,78.8,91.5,87.3,,,83.0,,86.8,,63.7,77.9,,77.9,96.1,87.6,68.7,99.3,93.9,132.4,94.5,,4.5,1.39275766016714,6.4
311,2006-12,14180.470200000002,14301.6708,14705.6728,14746.073,2006-12,66.7,100.2,78.8,91.4,87.3,,,83.0,,86.8,,63.7,78.0,,78.6,95.8,87.3,69.1,99.5,92.4,131.7,94.5,,4.5,1.67286245353161,6.3
312,2007-01,14645.0725,14887.4737,14847.0735,15978.2791,2007-01,66.7,100.0,78.8,91.5,87.3,,,83.5,,86.6,,63.8,78.3,,79.0,95.8,86.9,69.4,101.1,93.4,131.5,94.5,,4.5,1.10905730129391,6.4
313,2007-02,14705.6728,15049.0745,14766.273099999999,15897.478700000001,2007-02,66.7,100.0,78.8,90.9,88.3,,,84.4,,86.6,,63.9,78.8,,78.7,94.7,88.7,70.0,104.0,93.5,130.8,94.5,,4.5,2.03703703703704,6.3
314,2007-03,14624.872400000002,14826.873400000002,15230.8754,15857.0785,2007-03,66.9,100.0,78.8,90.9,88.4,,,84.5,,86.8,,63.7,79.1,,78.7,95.6,88.6,70.6,104.0,93.8,132.0,95.8,,4.5,2.30202578268877,6.2
315,2007-04,14645.0725,14907.6738,15291.4757,15392.476200000001,2007-04,66.9,99.2,80.1,90.8,88.4,,,84.5,,86.8,,63.7,79.6,,78.8,95.6,89.7,70.8,107.0,95.6,130.8,97.2,,4.5,2.19780219780218,6.3
316,2007-05,14665.272599999998,14968.274099999999,15513.6768,14988.4742,2007-05,67.7,100.0,84.1,91.3,88.6,,,85.0,,86.9,,64.1,79.1,,79.4,95.2,90.8,71.5,111.1,96.6,124.6,99.1,,4.5,2.18778486782133,6.1
317,2007-06,14645.0725,14887.4737,15735.877900000001,14584.4722,2007-06,67.7,100.0,84.1,91.3,88.6,,,85.2,,87.0,,64.6,79.5,,80.2,93.7,90.7,71.9,111.1,97.0,125.4,100.2,,4.5,2.19178082191782,6.2
318,2007-07,14624.872400000002,14826.873400000002,15473.2766,14382.471200000002,2007-07,68.4,100.0,84.1,91.5,88.6,,,85.2,,87.0,,64.8,79.8,,80.7,92.9,90.2,72.1,116.7,97.1,124.5,100.4,,4.75,2.18978102189783,6.0
319,2007-08,14604.6723,14786.4732,15230.8754,14483.4717,2007-08,69.5,100.0,84.3,91.6,89.1,,,86.3,,87.1,,65.3,78.9,,80.7,93.8,90.6,73.3,117.2,97.0,124.5,100.4,,4.75,1.7304189435337,5.9
320,2007-09,14604.6723,14766.273099999999,14988.4742,14039.0695,2007-09,70.6,100.0,84.5,91.7,89.1,,,86.7,,87.3,,65.5,79.2,,81.3,93.4,91.7,74.1,117.2,97.6,124.1,100.4,,4.75,2.47252747252747,6.0
321,2007-10,14604.6723,14826.873400000002,14847.0735,13352.266099999999,2007-10,71.1,100.0,84.5,92.0,89.1,,,86.7,,87.3,,65.6,79.3,,81.1,93.4,92.1,74.1,117.2,97.0,124.8,100.7,,4.75,2.38532110091741,6.0
322,2007-11,14584.4722,14786.4732,14584.4722,13231.0655,2007-11,71.8,101.1,87.3,92.0,89.6,,,87.1,,87.3,,66.4,79.6,,81.5,93.4,93.2,74.6,117.2,96.8,125.9,101.0,,4.75,2.47252747252747,6.1
323,2007-12,14584.4722,14786.4732,14523.871900000002,13736.068000000001,2007-12,72.6,101.1,87.3,92.2,89.6,,,87.1,,87.3,,66.5,79.5,,81.5,94.0,93.3,74.7,117.2,96.8,125.9,100.9,,4.5,2.37659963436928,6.2
324,2008-01,15028.8744,15008.6743,14604.6723,17271.0855,2008-01,73.5,102.6,88.2,92.6,89.8,,,88.0,,88.4,,67.3,80.1,,82.0,94.0,93.6,75.3,116.5,96.5,126.0,101.1,,4.25,2.19378427787934,6.0
325,2008-02,15028.8744,15049.0745,14523.871900000002,17069.0845,2008-02,75.4,102.6,88.2,92.1,89.9,,,88.6,,89.8,,67.5,81.2,,82.0,94.4,95.1,75.4,115.0,96.1,126.0,101.0,,4.25,1.81488203266788,6.1
326,2008-03,15210.675299999999,15251.0755,14402.6713,17109.4847,2008-03,75.6,101.3,89.5,92.5,89.9,,,88.5,,89.8,,67.7,82.1,,82.3,94.3,95.4,76.1,113.1,96.4,126.0,101.9,,3.75,1.35013501350134,6.2
327,2008-04,15372.2761,15614.6773,14321.870900000002,17311.4857,2008-04,77.9,101.3,89.5,92.5,89.9,,,88.3,,89.8,,67.7,81.9,,83.0,94.7,95.4,76.6,112.0,95.2,125.6,101.9,,3.25,1.70250896057349,6.1
328,2008-05,15331.875900000001,15493.476700000001,14342.071,17069.0845,2008-05,80.6,101.3,89.5,92.4,90.2,,,90.0,,90.4,,67.7,82.2,,83.3,94.4,96.9,76.9,109.3,94.3,124.4,101.5,,3.25,2.23015165031221,6.2
329,2008-06,15311.675799999999,15473.2766,14382.471200000002,17372.086,2008-06,81.9,101.7,89.6,92.6,90.5,,,90.1,,91.3,,68.0,81.5,,84.1,94.7,96.9,77.4,107.9,93.9,124.3,101.4,,3.25,3.12779267202861,6.2
330,2008-07,15311.675799999999,15412.6763,14463.2716,17291.2856,2008-07,84.5,101.7,89.6,93.8,90.5,,,90.2,,91.3,,68.0,81.6,,84.1,94.7,96.6,77.6,107.2,93.8,124.9,101.4,,3.25,3.39285714285713,6.2
331,2008-08,15331.875900000001,15453.076500000001,14422.871400000002,18018.4892,2008-08,85.3,101.1,89.6,94.4,91.5,,,90.8,,91.3,,68.2,81.7,,84.1,94.5,96.6,77.8,107.1,92.7,124.4,101.3,,3.25,3.49149507609668,6.1
332,2008-09,15311.675799999999,15392.476200000001,14544.072,18079.089500000002,2008-09,85.3,101.1,89.8,94.1,91.5,,,90.6,,91.6,,68.2,82.0,,84.1,94.5,96.6,78.1,107.0,92.8,124.9,101.1,,3.25,3.3958891867739,6.3
333,2008-10,15331.875900000001,15432.876400000001,14463.2716,20220.3001,2008-10,85.9,101.3,89.9,94.1,91.5,,,90.7,,91.6,,68.1,81.9,,84.1,94.1,96.5,78.3,102.6,92.1,122.5,99.1,,2.5,2.59856630824374,6.4
334,2008-11,15311.675799999999,15412.6763,14483.4717,20806.103,2008-11,89.8,101.3,89.9,94.9,91.8,,,91.0,,91.6,,68.1,81.5,,84.1,94.4,96.7,78.3,102.2,90.6,121.0,96.5,,2.5,1.96604110813226,6.7
335,2008-12,15311.675799999999,15372.2761,14544.072,21088.904400000003,2008-12,90.1,101.3,90.0,94.9,91.8,,,91.0,,91.9,,68.1,81.6,,84.1,94.6,96.7,78.3,102.2,88.8,120.3,96.5,,1.75,1.16071428571428,6.9
336,2009-01,15735.877900000001,15816.6783,14160.2701,18442.6913,2009-01,90.7,101.4,90.0,96.6,92.1,,,91.2,,91.9,,68.2,81.5,,84.1,94.6,96.7,78.3,100.2,86.0,118.1,95.0,,1.25,1.07334525939178,7.6
337,2009-02,15735.877900000001,15796.478200000001,14018.869400000001,18705.2926,2009-02,90.6,102.0,90.0,97.0,92.6,,,91.5,,91.9,,68.1,81.4,,84.9,94.6,96.7,78.3,98.4,85.1,115.0,90.4,,1.25,1.42602495543669,8.2
338,2009-03,15735.877900000001,15796.478200000001,13736.068000000001,19008.2941,2009-03,91.1,101.5,90.0,97.0,92.6,,,92.0,,91.9,,67.8,81.2,,84.9,94.6,96.7,78.3,98.0,84.0,113.2,88.3,,0.75,1.24333925399646,8.4
339,2009-04,15857.0785,15796.478200000001,13372.4662,18402.2911,2009-04,91.0,101.5,90.0,96.9,92.6,,,92.0,,91.9,,67.1,80.3,,84.9,94.6,96.7,78.3,97.3,82.9,112.2,86.2,,0.5,0.352422907488992,8.5
340,2009-05,15897.478700000001,15937.878900000002,13210.8654,17291.2856,2009-05,91.0,102.1,90.0,97.0,92.7,,,92.2,,91.9,,66.8,78.9,,84.9,94.6,96.7,78.7,97.2,83.1,111.8,86.8,,0.5,0.0872600349040307,8.7
341,2009-06,15877.2786,15897.478700000001,13473.4667,16927.6838,2009-06,90.7,102.1,90.0,96.9,92.7,,,92.3,,91.9,,66.7,79.0,,84.9,94.6,96.7,79.1,96.1,83.8,111.0,85.7,,0.5,-0.259965337954953,8.8
342,2009-07,15937.878900000002,15978.2791,13130.065,16867.0835,2009-07,90.7,102.1,90.0,96.8,92.6,,,92.2,,91.9,,66.8,80.2,,84.9,95.1,96.7,79.1,96.7,84.3,103.6,87.7,,0.5,-0.949913644214151,8.8
343,2009-08,15937.878900000002,15998.479200000002,13291.665799999999,16362.081,2009-08,89.6,102.1,90.0,96.9,93.7,,,92.3,,91.9,,67.0,79.6,,84.9,94.6,96.7,79.3,96.8,84.8,104.0,87.9,,0.5,-0.77854671280276,8.8
344,2009-09,15937.878900000002,15958.079,13332.066,16261.0805,2009-09,89.6,102.1,90.2,97.5,93.7,,,92.5,,93.0,,67.5,79.8,,84.9,93.9,96.1,79.4,97.0,85.2,103.9,90.1,,0.5,-0.864304235090748,8.4
345,2009-10,15937.878900000002,15958.079,13352.266099999999,15857.0785,2009-10,89.6,101.3,90.2,97.4,93.9,,,92.8,,93.0,,67.8,80.4,,84.9,94.2,96.7,79.4,97.3,85.8,103.9,91.2,,0.5,0.0873362445414769,8.5
346,2009-11,15917.6788,15958.079,13352.266099999999,15937.878900000002,2009-11,90.5,101.3,90.5,97.6,95.1,,,93.3,,93.0,,68.3,80.1,,85.4,95.0,96.5,79.5,97.5,86.1,103.5,91.7,,0.5,0.9640666082384,8.6
347,2009-12,15897.478700000001,15897.478700000001,13372.4662,15857.0785,2009-12,91.4,101.3,90.5,97.5,95.1,,,93.5,,93.8,,69.0,80.1,,85.4,95.0,96.6,79.9,97.7,86.3,103.2,92.8,,0.5,1.32391879964695,8.5
348,2010-01,16079.2796,16079.2796,13372.4662,15675.2776,2010-01,92.9,101.2,90.6,97.3,95.1,,,93.6,,94.3,,69.7,80.4,,85.4,95.0,96.6,80.2,98.3,86.9,103.1,93.5,,0.5,1.858407079646,8.5
349,2010-02,16180.2801,16180.2801,13190.6653,15877.2786,2010-02,92.9,100.4,90.7,97.5,95.1,,,93.9,,95.1,,69.2,81.7,,87.4,95.0,96.9,80.4,98.7,87.0,103.1,94.4,,0.5,1.58172231985941,8.5
350,2010-03,16382.281099999998,16382.281099999998,13150.265099999999,15372.2761,2010-03,92.9,99.8,90.8,97.5,95.1,,,94.4,,95.6,,69.7,81.7,,89.3,95.0,96.9,80.9,99.1,87.3,103.7,95.3,,0.5,1.40350877192981,8.5
351,2010-04,16543.8819,16543.8819,13150.265099999999,24987.5237,2010-04,94.2,99.4,90.8,97.4,95.1,,,94.5,,96.4,,69.8,81.7,,89.3,95.0,96.6,81.2,99.1,87.4,104.0,95.9,,0.5,1.84372256365231,8.3
352,2010-05,16402.481200000002,16402.481200000002,13170.4652,25856.128,2010-05,94.5,99.8,90.9,97.9,95.7,,,93.7,,96.5,,70.7,82.5,,89.2,94.8,96.6,81.5,99.5,87.8,103.6,96.2,,0.5,1.3949433304272,8.2
353,2010-06,16422.6813,16422.6813,13109.864900000002,23472.516200000002,2010-06,94.8,99.5,90.9,99.2,95.7,,,94.0,,96.9,,71.1,82.5,,89.2,94.7,96.6,82.1,99.3,87.8,103.5,96.0,,0.75,0.955690703735894,8.1
354,2010-07,16442.881400000002,16442.881400000002,13109.864900000002,32905.9629,2010-07,94.8,99.2,90.9,99.2,95.7,,,94.0,,96.9,,71.1,82.3,,87.6,93.3,94.7,82.4,99.3,87.7,103.5,95.7,,1.0,1.83086312118569,8.1
355,2010-08,16442.881400000002,16442.881400000002,13109.864900000002,32865.562699999995,2010-08,94.8,99.2,90.9,99.1,95.7,,,94.2,,96.8,,71.4,82.9,,87.6,93.8,94.7,82.8,99.3,87.6,103.5,95.7,,1.0,1.74367916303401,8.3
356,2010-09,16442.881400000002,16442.881400000002,13130.065,32602.9614,2010-09,94.8,99.2,90.9,99.2,95.7,,,94.5,,96.8,,71.4,82.7,,87.7,93.9,94.7,82.8,99.3,87.7,103.0,95.0,,1.25,1.9180470793374,8.2
357,2010-10,16463.0815,16463.0815,13231.0655,27573.1365,2010-10,94.8,99.2,90.9,99.2,96.0,,,94.7,,97.0,,71.6,82.8,,87.4,93.9,94.9,82.8,99.2,86.8,103.3,95.1,,1.25,2.44328097731242,8.0
358,2010-11,16402.481200000002,16402.481200000002,13251.265599999999,27431.735800000002,2010-11,97.8,98.7,91.8,99.0,96.1,,,94.5,,99.0,,72.1,83.2,,87.8,91.8,94.9,82.8,99.2,86.3,102.8,94.8,,1.25,1.99652777777777,7.8
359,2010-12,16341.880900000002,16341.880900000002,13231.0655,27290.3351,2010-12,97.8,98.7,92.1,99.0,95.6,,,94.0,,99.0,,71.9,82.8,,87.8,91.1,95.0,84.1,98.9,86.5,102.7,94.7,,1.25,2.35191637630663,7.7
360,2011-01,16523.6818,16523.6818,13311.8659,28704.342099999998,2011-01,97.9,98.7,92.1,98.8,96.3,,,94.6,,99.0,,72.4,82.6,,87.8,91.1,95.4,84.4,98.8,86.8,102.7,94.7,,1.25,2.34578627280625,7.8
361,2011-02,16523.6818,16523.6818,13352.266099999999,29795.1475,2011-02,97.9,100.3,92.1,98.7,97.0,,,94.8,,98.8,,73.0,82.8,,87.8,90.6,95.4,85.2,99.2,86.3,102.7,94.9,,1.25,2.16262975778548,7.8
362,2011-03,16422.6813,16422.6813,13574.467200000001,26664.132,2011-03,97.9,100.3,92.1,99.1,97.0,,,94.9,,98.9,,73.3,82.8,,87.8,89.5,95.5,85.5,99.2,86.1,102.7,95.2,,1.25,3.28719723183393,7.8
363,2011-04,16240.880400000002,16240.880400000002,13837.068500000001,27674.137000000002,2011-04,97.9,100.4,92.1,98.6,97.1,,,95.4,,100.7,,74.0,83.3,,87.8,89.5,95.5,85.7,98.9,86.1,101.7,95.3,,1.25,3.27586206896553,7.8
364,2011-05,16584.2821,16584.2821,14099.6698,27613.536699999997,2011-05,97.7,100.7,92.1,98.6,97.0,,,95.9,,99.6,,75.0,83.2,,88.1,89.5,95.3,85.8,99.4,86.1,101.9,95.6,,1.25,3.69733447979363,7.7
365,2011-06,16341.880900000002,16341.880900000002,13776.468200000001,26886.3331,2011-06,97.7,100.7,92.1,98.8,97.3,,,95.6,,100.1,,75.8,83.3,,88.8,89.6,95.3,86.4,99.8,85.7,101.9,95.7,,1.25,3.09810671256453,7.6
366,2011-07,16725.6828,16725.6828,13392.666299999999,26623.7318,2011-07,97.5,102.0,92.3,98.9,97.3,,,95.5,,100.2,,76.2,83.1,,89.1,89.7,95.3,86.6,99.7,85.0,101.9,95.7,,1.25,2.73972602739727,7.4
367,2011-08,16745.8829,16745.8829,13372.4662,28098.3391,2011-08,97.5,102.0,92.3,99.1,97.7,,,95.6,,100.8,,76.3,83.1,,89.1,89.4,96.4,86.8,99.5,85.2,101.4,95.1,,1.25,3.08483290488432,7.4
368,2011-09,16705.4827,16705.4827,13231.0655,28623.541699999998,2011-09,97.5,101.9,93.1,98.7,97.7,,,95.7,,101.0,,76.5,83.2,,89.1,89.3,96.3,87.6,99.8,85.9,101.4,95.2,,1.25,3.16509837467921,7.5
369,2011-10,16442.881400000002,16442.881400000002,13534.067000000001,24704.7223,2011-10,97.5,102.2,93.1,98.7,97.8,,,95.7,,101.1,,76.9,83.4,,89.1,89.4,96.3,87.7,100.2,86.1,100.6,95.0,,1.25,2.89608177172059,7.5
370,2011-11,16261.0805,16261.0805,13655.2676,22401.910900000003,2011-11,97.5,102.2,93.1,98.7,98.4,,,96.2,,101.1,,77.7,83.3,,89.3,91.9,95.9,88.0,100.2,85.8,100.4,94.6,,1.25,2.89361702127659,7.7
371,2011-12,16523.6818,16523.6818,13311.8659,22502.9114,2011-12,97.5,102.2,93.1,98.7,98.7,,,96.0,,101.2,,77.9,83.1,,89.3,92.1,95.9,88.0,100.2,86.0,100.4,94.4,,1.25,2.29787234042552,7.5
372,2012-01,17008.484200000003,17008.484200000003,13675.467700000001,22906.9134,2012-01,97.0,101.9,93.1,98.7,98.7,,,96.0,,101.6,,77.9,83.6,,89.3,92.0,96.1,88.1,99.9,86.5,99.3,94.5,,1.25,2.46179966044143,7.7
373,2012-02,16947.8839,16947.8839,13534.067000000001,22543.3116,2012-02,97.0,101.4,94.6,98.2,99.3,,,96.1,,101.9,,78.3,83.7,,89.3,92.8,96.1,88.6,99.6,86.6,99.3,94.2,,1.25,2.62489415749364,7.6
374,2012-03,17069.0845,17069.0845,13493.666799999999,23169.5147,2012-03,97.5,101.4,94.6,98.2,99.8,,,96.2,,102.4,,78.9,84.1,,89.3,92.8,96.2,88.9,100.2,87.0,98.6,94.0,,1.25,1.92629815745393,7.4
375,2012-04,16826.6833,16826.6833,13049.264599999999,23613.9169,2012-04,97.4,101.4,94.7,98.1,100.0,,,96.2,,102.5,,79.3,84.5,,89.8,92.6,96.2,89.3,100.5,87.0,98.6,93.9,,1.25,2.0033388981636,7.3
376,2012-05,17048.884400000003,17048.884400000003,13534.067000000001,22220.11,2012-05,97.6,100.9,94.8,97.9,100.0,,,96.3,,102.8,,80.0,84.9,,89.8,92.8,97.6,89.5,100.4,87.3,97.5,94.0,,1.25,1.24378109452736,7.5
377,2012-06,16968.084,16968.084,13938.069,22321.1105,2012-06,97.6,101.0,94.6,97.9,100.1,,,96.4,,103.4,,80.2,85.1,,89.8,92.8,97.3,89.7,100.4,87.9,98.3,94.1,,1.25,1.5025041736227,7.3
378,2012-07,16887.2836,16887.2836,13978.469200000001,20886.903400000003,2012-07,98.3,101.2,95.3,97.7,100.1,,,96.5,,103.5,,80.2,85.2,,89.8,92.5,97.3,90.0,100.4,88.1,98.1,94.1,,1.25,1.25000000000001,7.4
379,2012-08,16786.2831,16786.2831,14079.469700000001,17190.2851,2012-08,98.4,101.1,95.6,97.8,100.6,,,96.6,,103.4,,80.6,85.3,,90.4,92.5,97.3,90.2,100.4,88.4,97.9,94.0,,1.25,1.24688279301744,7.4
380,2012-09,16644.882400000002,16644.882400000002,14503.6718,15675.2776,2012-09,98.1,101.2,95.5,98.0,101.1,,,96.6,,103.4,,81.2,85.2,,90.4,92.5,97.3,90.6,100.5,88.8,97.3,93.9,,1.25,1.16086235489221,7.3
381,2012-10,16644.882400000002,16644.882400000002,13837.068500000001,18139.6898,2012-10,98.1,101.0,95.5,98.1,101.1,,,97.1,,103.6,,81.5,86.2,,90.4,92.5,97.3,91.1,100.5,89.2,97.7,94.1,,1.25,1.15894039735099,7.5
382,2012-11,16705.4827,16705.4827,13776.468200000001,19331.4957,2012-11,98.1,101.0,96.1,97.8,101.3,,,97.3,,104.1,,81.7,86.5,,91.1,92.6,97.4,91.5,100.5,89.1,97.0,93.6,,1.25,0.827129859387932,7.4
383,2012-12,16442.881400000002,16442.881400000002,13756.2681,20482.901400000002,2012-12,98.1,100.0,96.3,97.8,101.5,,,97.3,,104.1,,82.0,86.3,,91.1,92.6,97.4,91.7,100.8,89.8,96.9,93.1,,1.25,0.831946755407662,7.3
384,2013-01,17089.2846,17089.2846,13958.2691,24098.7193,2013-01,98.3,101.1,96.5,97.7,101.5,,,97.3,,103.7,,82.3,86.5,,91.1,92.6,97.5,91.8,100.7,90.4,96.7,93.1,,1.25,0.497100248550126,7.2
385,2013-02,17129.6848,17129.6848,14039.0695,25169.3246,2013-02,98.2,101.1,97.4,97.9,101.4,,,97.5,,103.4,,82.0,86.5,,91.4,92.6,97.5,91.9,100.7,91.5,96.7,93.1,,1.25,1.23762376237624,7.1
386,2013-03,17210.4852,17210.4852,14140.07,23088.7143,2013-03,98.2,101.1,97.4,98.1,101.4,,,97.5,,103.6,,82.1,86.8,,91.4,93.2,97.5,92.2,100.7,92.0,96.6,92.9,,1.25,0.986031224322096,7.4
387,2013-04,16988.2841,16988.2841,14523.871900000002,22543.3116,2013-04,99.5,101.4,97.4,98.0,101.5,,,97.4,,103.6,,82.2,87.9,,91.4,93.2,97.5,93.1,100.9,92.8,96.7,93.0,,1.25,0.409165302782334,7.2
388,2013-05,17048.884400000003,17048.884400000003,15049.0745,20442.501200000002,2013-05,99.5,101.5,97.9,98.2,101.5,,,97.8,,103.2,,82.4,87.9,,91.4,93.2,98.0,93.8,100.6,93.7,96.7,92.7,,1.25,0.73710073710074,7.2
389,2013-06,17008.484200000003,17008.484200000003,15331.875900000001,19068.8944,2013-06,99.5,101.8,97.8,98.2,101.5,,,98.0,,103.1,,82.4,87.6,,92.0,93.0,98.0,94.0,101.0,94.0,96.6,92.3,,1.25,1.15131578947369,7.3
390,2013-07,16826.6833,16826.6833,15190.4752,21311.1055,2013-07,100.0,101.9,98.2,98.2,101.5,,,97.9,,102.8,,82.8,87.9,,92.0,93.3,98.0,94.3,100.9,94.7,96.6,92.6,,1.25,1.31687242798353,7.2
391,2013-08,16927.6838,16927.6838,15311.675799999999,22927.1135,2013-08,100.0,101.9,98.0,98.2,101.5,,,98.0,,102.5,,82.9,87.9,,92.0,94.4,98.1,94.3,101.1,95.3,96.5,92.2,,1.25,1.06732348111658,7.2
392,2013-09,16927.6838,16927.6838,15554.077000000001,22321.1105,2013-09,100.0,101.9,98.2,98.2,101.5,,,97.9,,102.3,,82.9,88.0,,92.3,94.0,98.1,94.4,100.6,95.9,96.4,92.2,,1.25,1.06557377049181,7.2
393,2013-10,17008.484200000003,17008.484200000003,15998.479200000002,22199.909900000002,2013-10,100.0,101.8,98.3,98.2,101.6,,,97.9,,102.3,,83.0,88.8,,92.8,94.7,98.1,94.4,100.7,96.0,96.3,91.9,,1.25,0.654664484451718,7.2
394,2013-11,16988.2841,16988.2841,15978.2791,22987.7138,2013-11,100.0,101.8,98.3,98.3,101.5,,,98.1,,101.7,,83.2,89.3,,93.0,94.6,98.1,94.4,100.4,96.4,95.7,91.7,,1.25,0.902378999179644,7.1
395,2013-12,16968.084,16968.084,16402.481200000002,23310.9154,2013-12,100.0,101.8,98.1,98.2,101.6,,,98.1,,101.8,,83.5,89.4,,92.8,94.4,98.1,94.5,100.4,96.6,95.7,91.5,,1.25,1.23762376237624,7.4
396,2014-01,16988.2841,16988.2841,16281.2806,22563.511700000003,2014-01,100.0,101.4,98.1,98.2,101.4,,,98.1,,101.5,,83.7,89.1,,92.8,94.5,98.1,94.5,100.2,98.3,95.7,91.4,,1.25,1.48392415498762,7.2
397,2014-02,16988.2841,16988.2841,16826.6833,21553.5067,2014-02,100.0,100.8,98.0,98.1,101.3,,,98.2,,101.6,,84.1,89.7,,93.2,95.2,98.1,94.7,100.4,99.6,95.7,91.4,,1.25,1.1409942950285,7.2
398,2014-03,17170.085,17170.085,17028.6843,20038.499200000002,2014-03,100.3,100.3,98.2,98.1,101.3,,,98.1,,101.3,,84.1,89.7,,93.2,95.2,98.1,94.7,100.5,100.6,95.4,91.3,,1.25,1.5459723352319,7.1
399,2014-04,17250.885400000003,17250.885400000003,16907.4837,20361.7008,2014-04,100.3,100.3,98.1,98.3,101.3,,,98.2,,101.1,,85.0,89.9,,93.2,95.2,98.1,95.1,100.2,101.2,95.4,90.8,,1.25,2.03748981255093,7.2
400,2014-05,17432.6863,17432.6863,16988.2841,17735.6878,2014-05,100.1,100.2,98.1,98.3,101.3,,,98.3,,100.6,,85.0,90.3,,93.6,95.3,98.5,95.2,100.6,102.0,95.4,90.5,,1.25,2.27642276422764,7.2
401,2014-06,17513.4867,17513.4867,16927.6838,16220.6803,2014-06,100.0,99.9,98.0,98.2,101.4,,,98.2,,100.4,,85.4,91.2,,93.9,95.3,98.5,95.4,100.7,102.2,95.4,90.3,,1.25,2.35772357723579,7.2
402,2014-07,17553.8869,17553.8869,16584.2821,16604.482200000002,2014-07,100.0,99.7,97.9,98.1,101.4,,,98.2,,100.3,,85.3,91.5,,94.2,95.3,98.5,95.4,100.7,102.5,95.4,90.2,,1.25,2.11210398050367,7.2
403,2014-08,17776.088,17776.088,16483.2816,16382.281099999998,2014-08,100.0,99.7,97.9,97.7,101.4,,,98.2,,100.3,,85.8,91.9,,94.4,95.3,98.5,95.4,100.9,102.8,95.2,90.5,,1.25,2.11210398050367,7.1
404,2014-09,17957.8889,17957.8889,16442.881400000002,14544.072,2014-09,100.0,99.5,98.3,97.7,101.4,,,97.9,,100.2,,86.1,92.1,,95.0,95.3,98.5,94.9,101.0,103.0,94.3,90.5,,1.25,2.02757502027574,7.0
405,2014-10,17796.288099999998,17796.288099999998,16442.881400000002,14624.872400000002,2014-10,100.0,99.5,98.4,97.7,101.4,,,98.0,,99.9,,86.2,92.5,,95.0,95.2,98.5,95.0,101.0,103.3,94.2,91.0,,1.25,2.35772357723579,6.8
406,2014-11,17856.8884,17856.8884,16442.881400000002,13513.8669,2014-11,100.2,99.2,98.4,97.7,101.6,,,98.0,,99.7,,86.3,92.9,,95.3,95.2,98.5,95.0,101.1,103.6,94.2,90.8,,1.25,1.95121951219513,6.8
407,2014-12,17695.2876,17695.2876,16442.881400000002,12645.2626,2014-12,100.2,99.6,98.4,97.7,101.6,,,97.8,,99.5,,86.5,93.0,,95.9,95.2,98.5,95.0,101.0,103.7,94.2,90.7,,1.25,1.46699266503668,6.7
408,2015-01,17452.886400000003,17452.886400000003,16907.4837,13271.4657,2015-01,100.2,99.6,98.4,97.7,101.6,,,97.9,,99.1,,86.3,93.0,,96.4,95.2,98.5,95.3,100.8,103.8,93.6,90.6,,1.0,0.974817221770934,6.7
409,2015-02,17594.287099999998,17594.287099999998,16907.4837,12685.6628,2015-02,100.2,99.6,98.8,97.7,101.4,,,98.3,,99.1,,86.8,92.9,,96.0,95.2,98.5,95.4,100.9,103.7,93.6,90.7,,1.0,1.04754230459309,6.9
410,2015-03,17614.4872,17614.4872,16907.4837,11796.8584,2015-03,100.2,99.8,98.8,97.4,101.5,,,98.4,,98.9,,87.3,93.1,,95.9,95.2,98.5,95.8,100.8,102.8,93.6,90.6,,1.0,1.20192307692306,7.0
411,2015-04,17634.6873,17634.6873,17190.2851,10322.251100000001,2015-04,100.2,100.8,98.8,97.4,101.5,,,98.2,,98.9,,87.7,93.1,,95.6,95.2,98.5,95.9,100.8,102.4,93.3,91.5,,1.0,0.798722044728442,7.0
412,2015-05,17796.288099999998,17796.288099999998,16968.084,11776.6583,2015-05,99.9,100.6,98.9,97.4,100.2,,,98.1,,98.9,,87.6,93.2,,95.6,95.4,98.8,96.0,100.9,102.4,93.3,91.7,,1.0,0.874403815580286,7.0
413,2015-06,17877.0885,17877.0885,16564.082000000002,12544.2621,2015-06,99.9,100.3,99.2,97.8,100.5,,,98.0,,98.9,,88.2,93.7,,95.6,95.4,99.0,96.2,100.8,101.9,93.3,92.1,,1.0,1.03256552819698,7.0
414,2015-07,17917.4887,17917.4887,16745.8829,10786.8534,2015-07,100.2,100.3,99.0,98.0,100.5,,,98.3,,98.9,,88.6,94.5,,95.9,95.4,98.9,96.3,100.7,101.7,93.3,92.7,,0.75,1.27287191726331,6.9
415,2015-08,17897.2886,17897.2886,17008.484200000003,11857.458700000001,2015-08,100.2,100.2,99.0,98.0,100.2,,,98.5,,98.8,,89.4,95.3,,96.1,95.6,98.9,96.3,100.7,101.6,93.0,92.8,,0.75,1.27287191726331,7.1
416,2015-09,17897.2886,17897.2886,17412.4862,12180.6603,2015-09,100.2,99.0,99.0,98.0,100.2,,,98.5,,99.1,,89.6,95.4,,96.1,95.5,98.9,96.6,100.7,101.6,93.0,93.3,,0.75,1.03338632750396,7.1
417,2015-10,17796.288099999998,17796.288099999998,17735.6878,11170.6553,2015-10,100.2,99.0,99.2,98.0,100.2,,,98.5,,99.2,,90.2,95.9,,96.1,95.5,98.9,96.8,101.3,101.7,93.5,93.7,,0.75,1.03256552819698,7.1
418,2015-11,17735.6878,17735.6878,17695.2876,10059.6498,2015-11,100.4,99.1,98.6,98.2,99.9,,,99.1,,98.9,,90.5,96.0,,96.2,95.2,99.1,96.9,101.2,101.8,93.5,94.4,,0.75,1.35566188197765,7.2
419,2015-12,17836.6883,17836.6883,17372.086,9049.6448,2015-12,100.4,99.1,98.8,98.2,99.9,,,99.1,,99.0,,90.7,96.0,,96.2,95.2,98.9,97.0,101.2,101.8,93.5,94.6,,0.75,1.60642570281124,7.3
420,2016-01,17715.4877,17715.4877,17372.086,9615.2476,2016-01,100.4,99.1,98.8,98.0,99.9,,,99.1,,99.0,,91.0,96.1,,96.7,95.2,98.9,97.2,101.1,101.8,93.5,95.1,,0.75,2.01126307320997,7.3
421,2016-02,17715.4877,17715.4877,17372.086,10443.451700000001,2016-02,100.4,100.6,98.8,98.0,99.9,,,99.4,,98.9,,91.7,96.9,,97.1,95.2,98.9,97.2,101.0,101.3,93.8,96.4,,0.75,1.35566188197765,7.5
422,2016-03,17715.4877,17715.4877,17372.086,11938.259100000001,2016-03,100.2,100.6,98.8,98.0,99.9,,,99.4,,98.7,,92.2,96.9,,98.0,95.7,98.9,97.5,101.0,101.3,93.8,97.0,,0.75,1.26682501979417,7.3
423,2016-04,17715.4877,17715.4877,17372.086,12604.8624,2016-04,100.2,100.5,98.8,98.0,99.9,,,99.5,,98.7,,93.1,96.9,,98.0,95.4,98.9,97.8,101.0,101.3,95.0,97.3,,0.75,1.66402535657687,7.3
424,2016-05,17715.4877,17715.4877,17594.287099999998,11473.656799999999,2016-05,100.2,100.0,98.9,98.0,99.9,,,99.5,,98.9,,95.7,97.1,,98.0,96.3,98.7,98.1,101.0,100.8,96.4,99.0,,0.75,1.49724192277385,7.1
425,2016-06,17715.4877,17715.4877,18402.2911,10807.0535,2016-06,100.2,100.0,98.9,98.0,99.9,,,99.5,,99.2,,96.1,97.1,,98.0,97.1,98.9,98.4,100.4,99.9,96.9,99.3,,0.75,1.49371069182389,7.0
426,2016-07,17715.4877,17715.4877,18947.6938,11978.6593,2016-07,99.8,100.0,99.3,98.0,100.1,,,99.5,,99.3,,97.5,98.2,,97.8,96.8,98.9,98.6,100.5,100.0,97.9,100.1,,0.75,1.25687352710136,7.1
427,2016-08,17715.4877,17715.4877,18462.8914,12766.4632,2016-08,99.7,100.0,99.3,98.1,100.1,,,99.5,,99.0,,98.4,98.6,,98.3,96.8,99.4,98.9,100.3,100.0,97.9,100.1,,0.75,1.09976433621366,7.1
428,2016-09,17715.4877,17715.4877,18604.2921,12241.260600000001,2016-09,100.1,100.0,99.1,99.6,100.0,,,100.0,,99.0,,98.5,98.6,,98.5,97.9,99.8,99.2,99.9,99.7,98.6,100.4,,0.75,1.33752950432733,7.1
429,2016-10,17715.4877,17715.4877,18745.6928,12604.8624,2016-10,100.1,100.0,99.7,100.0,100.1,,,100.0,,99.4,,100.0,98.6,,98.6,99.4,100.0,99.9,100.0,99.4,99.5,100.4,,0.75,1.49371069182389,7.0
430,2016-11,17715.4877,17715.4877,18402.2911,15796.478200000001,2016-11,100.0,100.0,100.0,100.0,100.1,,,99.9,,99.6,,100.0,99.6,,100.1,99.8,100.0,100.0,99.8,99.8,100.0,100.0,,0.75,1.18017309205352,7.0
431,2016-12,17917.4887,17917.4887,18523.491700000002,17190.2851,2016-12,100.0,100.0,100.0,100.0,100.0,100.0,100.0,100.0,100.0,100.0,100.0,100.0,100.0,100.0,100.0,100.0,100.0,100.0,100.0,100.0,100.0,100.0,100.0,0.75,1.50197628458497,7.1
432,2017-01,18321.490700000002,18321.490700000002,18624.4922,17008.484200000003,2017-01,99.5,100.0,100.2,100.2,100.2,100.0,100.0,100.2,99.7,100.0,100.0,99.5,101.0,100.0,101.1,100.4,99.1,100.5,100.0,99.8,100.3,99.6,100.0,0.75,2.12933753943218,6.9
433,2017-02,18321.490700000002,18321.490700000002,18685.0925,18806.2931,2017-02,99.5,100.0,100.2,100.0,100.2,99.9,100.0,100.4,99.7,100.1,101.6,100.2,102.2,101.5,101.2,101.1,99.4,100.7,100.4,99.5,101.7,99.4,100.1,0.75,2.04563335955942,6.7
434,2017-03,18604.2921,18604.2921,18523.491700000002,18988.094,2017-03,99.3,100.0,100.3,100.0,99.9,99.8,100.0,100.3,99.7,100.7,103.0,100.2,102.2,102.6,101.5,101.3,99.6,100.8,100.6,99.5,101.7,100.1,100.1,0.75,1.56372165754495,6.8
435,2017-04,18604.2921,18604.2921,18664.8924,15210.675299999999,2017-04,99.2,100.0,100.0,100.0,100.0,99.8,100.0,100.5,99.8,101.1,103.2,102.3,102.2,102.6,103.8,101.3,99.6,101.8,100.2,99.8,101.7,100.9,100.1,0.75,1.63678877630553,6.6
436,2017-05,18604.2921,18604.2921,18745.6928,13675.467700000001,2017-05,99.2,99.8,100.6,100.0,100.1,99.8,100.0,100.6,100.1,101.5,103.2,103.2,102.2,104.4,105.7,101.0,99.6,102.6,100.2,99.1,101.7,103.2,101.0,0.75,1.3198757763975,6.6
437,2017-06,18604.2921,18604.2921,18584.092,12322.061,2017-06,99.1,99.7,100.6,100.0,100.4,99.8,100.0,100.6,100.7,102.1,103.2,103.2,102.2,104.4,105.5,101.0,99.6,103.0,99.8,99.3,101.7,105.7,101.0,0.75,1.00697134004648,6.5
438,2017-07,18685.0925,18685.0925,18725.492700000003,13837.068500000001,2017-07,99.3,100.4,101.0,100.5,100.4,99.8,100.0,101.0,100.8,102.3,103.2,103.2,104.3,104.4,106.7,101.0,99.6,103.2,99.8,100.2,101.7,108.9,102.4,1.0,1.16369278510473,6.4
439,2017-08,18442.6913,18442.6913,18967.893900000003,15453.076500000001,2017-08,98.6,100.4,100.9,100.5,100.4,99.5,100.0,101.0,100.8,102.7,103.2,103.2,104.3,104.4,108.0,101.4,99.6,103.6,99.9,100.3,101.7,108.9,103.7,1.0,1.39860139860141,6.2
440,2017-09,18786.093,18786.093,19068.8944,14140.07,2017-09,98.6,100.4,101.0,100.5,100.4,99.9,100.0,101.2,101.3,102.7,104.1,103.2,104.3,104.4,108.3,101.4,99.6,104.1,99.7,100.2,101.7,109.3,104.4,1.25,1.55279503105589,6.3
441,2017-10,18563.891900000002,18563.891900000002,19068.8944,12524.062,2017-10,98.6,100.4,101.4,100.5,100.4,99.9,100.0,101.6,101.6,104.0,104.1,103.3,104.3,104.4,108.3,101.3,99.6,104.2,99.7,100.2,102.0,109.8,104.4,1.25,1.39426800929513,6.3
442,2017-11,18523.491700000002,18523.491700000002,19432.4962,13210.8654,2017-11,98.8,100.4,101.4,100.9,100.5,99.8,100.3,101.6,101.7,104.6,104.1,103.3,104.3,104.5,108.7,101.8,99.6,104.4,99.9,100.5,102.0,109.8,104.4,1.25,2.09953343701402,6.1
443,2017-12,18301.2906,18301.2906,19755.697799999998,14867.273599999999,2017-12,98.8,100.4,101.3,101.1,100.5,99.8,100.3,101.6,101.8,104.7,104.1,103.3,104.1,104.6,108.9,101.9,99.6,104.5,99.9,100.1,102.0,109.9,104.4,1.25,1.86915887850468,5.9
444,2018-01,18361.890900000002,18361.890900000002,20422.3011,15271.275599999999,2018-01,98.8,100.4,101.3,101.3,100.5,99.8,100.7,102.2,101.8,104.8,104.0,103.2,104.4,104.6,109.5,102.2,99.6,104.6,99.7,100.1,102.0,109.9,104.4,1.5,1.6988416988417,6.0
445,2018-02,18563.891900000002,18563.891900000002,20684.902400000003,15715.6778,2018-02,98.8,100.4,101.3,101.3,100.5,99.8,100.7,102.9,101.8,105.4,103.9,102.0,104.3,104.6,110.0,102.4,99.6,104.6,99.4,99.5,102.0,109.9,104.4,1.5,2.15882806476484,5.9
446,2018-03,18846.6933,18846.6933,21068.7043,14665.272599999998,2018-03,98.8,100.6,101.8,101.3,100.5,99.8,100.7,102.9,101.8,107.0,103.9,101.6,104.5,104.7,111.0,102.9,99.8,104.7,99.4,99.0,103.5,109.9,104.4,1.5,2.30946882217091,5.9
447,2018-04,19230.4952,19230.4952,21210.105,13493.666799999999,2018-04,98.8,100.7,102.3,101.2,100.4,100.3,100.7,102.9,102.3,107.1,103.8,101.0,104.7,104.7,111.2,104.1,99.8,104.7,99.3,98.9,103.5,109.9,104.4,1.5,2.2239263803681,6.0
448,2018-05,18947.6938,18947.6938,21432.306099999998,13715.867900000001,2018-05,98.6,100.6,102.2,101.2,100.4,100.3,100.7,103.1,102.3,107.2,103.7,100.9,105.0,105.2,111.7,104.4,100.0,105.0,99.3,98.8,103.5,109.9,104.8,1.5,2.22222222222223,6.1
449,2018-06,19351.6958,19351.6958,21432.306099999998,13756.2681,2018-06,98.3,100.5,102.2,101.2,100.4,100.2,100.7,104.1,102.5,108.1,103.4,100.9,105.2,105.2,111.8,104.4,100.5,105.3,99.4,99.1,103.5,110.2,104.8,1.5,2.45398773006135,6.2
450,2018-07,19452.6963,19452.6963,21432.306099999998,13675.467700000001,2018-07,98.4,100.5,102.5,101.0,100.5,100.0,100.7,104.3,102.4,108.2,103.4,101.2,105.3,105.2,112.3,104.6,100.5,105.3,99.5,99.5,103.5,110.0,104.8,1.75,2.99079754601227,5.9
451,2018-08,19089.0945,19089.0945,21553.5067,14119.869900000002,2018-08,98.4,100.6,102.5,101.2,100.5,100.0,100.7,104.7,102.4,108.9,103.4,101.2,105.4,105.2,112.7,104.6,100.8,105.4,98.8,99.1,103.5,109.4,104.8,1.75,2.83524904214559,6.1
452,2018-09,18947.6938,18947.6938,21553.5067,14362.2711,2018-09,97.9,100.3,102.2,101.2,100.5,100.4,100.7,104.9,102.3,109.2,103.0,100.8,104.9,105.2,113.2,104.7,100.8,105.4,98.8,98.8,103.3,110.1,104.5,1.75,2.21712538226298,6.0
453,2018-10,19149.6948,19149.6948,21735.3076,15392.476200000001,2018-10,97.7,100.1,102.0,100.9,100.5,100.4,101.2,105.1,102.7,109.7,102.5,100.7,105.0,105.3,113.4,105.7,100.8,105.7,99.0,98.3,103.3,110.1,104.6,2.0,2.44461420932009,5.9
454,2018-11,19109.2946,19109.2946,21634.307099999998,15594.477200000001,2018-11,97.2,99.9,102.0,100.9,100.5,100.4,101.2,105.6,102.6,110.4,102.4,100.8,105.0,105.1,113.5,105.7,100.8,105.7,98.8,98.5,103.2,109.7,104.4,2.0,1.67555217060165,5.8
455,2018-12,19371.895900000003,19371.895900000003,21614.107,14968.274099999999,2018-12,97.2,100.0,102.0,100.9,100.5,100.9,101.2,105.5,102.9,111.0,102.2,100.7,105.1,105.3,113.6,105.7,100.6,105.6,98.9,98.8,103.2,109.4,104.2,2.0,1.98776758409785,5.8
456,2019-01,19634.4972,19634.4972,21513.1065,16321.6808,2019-01,97.3,100.0,102.4,100.9,100.5,100.9,101.5,105.7,102.8,111.2,102.2,100.3,105.1,105.3,113.6,105.7,100.9,105.9,98.7,98.6,103.1,109.4,104.1,2.0,1.44267274107822,6.0
457,2019-02,19533.4967,19533.4967,21492.9064,18765.892900000003,2019-02,97.3,100.0,102.6,100.9,100.5,100.9,101.5,105.8,102.9,111.3,101.9,100.3,105.1,105.1,114.4,106.4,101.2,105.9,98.6,98.6,103.5,108.8,104.2,2.0,1.50943396226414,5.9
458,2019-03,20179.8999,20179.8999,21412.106,18624.4922,2019-03,97.3,100.0,102.6,100.9,100.5,101.1,101.8,105.9,103.4,111.5,101.7,100.3,104.9,105.0,114.8,106.6,101.2,106.2,98.3,98.4,102.7,109.0,104.2,2.0,1.88111361926259,5.9
459,2019-04,19836.4982,19836.4982,21412.106,20200.100000000002,2019-04,96.9,100.0,102.6,101.0,100.5,101.1,101.8,105.9,104.0,112.2,101.7,100.1,105.3,105.0,115.3,106.9,101.2,106.2,98.2,97.5,101.9,108.5,104.2,2.0,2.02550637659415,5.8
460,2019-05,19089.0945,19089.0945,21189.9049,21735.3076,2019-05,96.9,101.2,103.2,101.0,100.5,101.1,101.8,106.2,104.2,113.0,102.0,99.7,105.3,105.5,115.5,106.9,101.2,106.1,97.8,97.4,101.1,107.9,103.7,2.0,2.39880059970015,5.4
461,2019-06,19169.894900000003,19169.894900000003,20987.9039,23310.9154,2019-06,96.1,101.2,103.2,101.0,100.3,101.1,101.8,106.6,105.5,113.8,102.1,99.8,106.3,106.0,116.0,106.9,100.9,105.7,97.6,95.8,100.4,107.7,104.2,2.0,2.02095808383236,5.8
462,2019-07,19695.0975,19695.0975,20624.3021,25371.3256,2019-07,95.9,101.2,103.4,101.8,100.3,101.1,101.8,109.1,105.8,115.1,102.1,98.5,106.6,106.4,116.1,106.7,101.2,106.2,96.8,95.8,100.4,107.0,104.4,2.0,2.01042442293373,5.9
463,2019-08,19129.4947,19129.4947,19998.099000000002,19917.2986,2019-08,95.8,101.2,103.2,102.3,100.2,103.4,102.4,110.4,105.7,115.7,101.6,98.3,106.4,106.4,116.1,106.8,101.7,106.2,96.9,95.8,100.5,107.0,104.3,2.0,1.93740685543966,5.9
464,2019-09,19634.4972,19634.4972,19957.6988,19856.6983,2019-09,95.8,102.4,103.2,102.7,100.2,103.3,103.5,111.2,106.1,116.6,102.1,98.9,106.6,106.3,117.1,107.0,101.7,106.5,97.0,95.7,100.8,106.8,104.0,2.0,1.86985789080031,5.7
465,2019-10,18947.6938,18947.6938,19937.4987,18806.2931,2019-10,96.3,102.4,103.2,102.7,100.2,103.3,103.5,112.4,107.3,118.1,101.1,99.1,106.0,107.6,117.4,107.4,101.7,106.6,96.7,95.3,100.8,106.2,104.3,2.0,1.86428038777031,5.8
466,2019-11,19513.296599999998,19513.296599999998,19775.8979,18139.6898,2019-11,96.3,102.4,103.2,102.7,100.5,103.3,103.5,114.0,107.3,119.6,101.1,99.1,106.1,107.4,117.5,107.7,101.7,106.2,95.1,95.6,100.7,104.8,104.5,2.0,2.17228464419476,6.1
467,2019-12,20159.6998,20159.6998,19109.2946,19674.8974,2019-12,96.3,102.4,103.2,102.8,100.6,103.3,103.5,114.3,107.0,120.6,101.3,99.3,106.2,107.4,117.6,107.7,101.4,106.7,95.7,95.6,101.0,105.1,104.5,2.0,2.2488755622189,5.8
468,2020-01,20200.100000000002,20200.100000000002,20200.100000000002,20200.100000000002,2020-01,96.3,102.4,103.7,102.8,100.6,103.9,103.5,114.7,107.8,122.5,102.0,98.7,106.1,107.4,117.9,107.8,102.7,106.5,96.1,95.0,101.0,104.3,105.5,2.0,2.39520958083832,5.6
469,2020-02,19270.8954,19270.8954,20341.5007,18765.892900000003,2020-02,96.3,102.4,104.5,102.8,100.6,103.9,103.5,115.3,108.2,124.2,102.7,99.3,106.4,107.8,118.0,108.6,102.7,106.7,96.0,95.5,102.2,104.6,105.3,2.0,2.15613382899629,5.7
470,2020-03,19998.099000000002,19998.099000000002,20240.500200000002,19998.099000000002,2020-03,96.0,102.4,104.5,103.1,100.6,103.9,103.5,116.4,109.0,126.1,101.7,99.7,107.0,109.0,118.8,108.6,102.7,106.7,96.4,94.6,102.1,105.2,105.3,1.0,0.886262924667634,8.0
471,2020-04,20078.899400000002,20078.899400000002,19493.0965,19190.095,2020-04,96.0,102.4,104.7,103.4,100.6,103.9,103.5,116.7,109.2,126.7,101.7,99.7,107.2,109.7,119.0,108.6,102.7,106.9,96.0,94.5,102.1,105.2,105.3,0.5,-0.220588235294129,13.4
472,2020-05,20482.901400000002,20482.901400000002,19957.6988,21088.904400000003,2020-05,96.0,103.1,105.3,103.4,100.5,103.9,103.5,116.7,109.7,128.2,101.7,99.7,107.3,110.3,119.6,108.6,102.7,106.7,96.0,94.5,102.1,105.2,105.2,0.5,-0.366032210834552,13.9
473,2020-06,20503.1015,20503.1015,19028.4942,22543.3116,2020-06,96.0,103.1,105.8,103.4,100.6,103.9,103.5,117.2,109.7,128.4,101.7,99.7,107.1,111.0,119.7,108.6,102.7,107.3,96.0,94.4,102.1,105.2,105.9,0.5,0.660308143800412,12.6
474,2020-07,20482.901400000002,20482.901400000002,18745.6928,23593.7168,2020-07,95.7,103.1,106.4,103.4,100.8,103.9,104.0,118.0,109.7,129.8,102.3,99.6,108.4,111.7,120.0,109.6,102.7,107.4,95.7,93.5,102.1,105.8,106.1,0.5,0.145985401459841,11.2
475,2020-08,21816.108,21816.108,18806.2931,25795.527700000002,2020-08,95.8,103.1,108.1,103.4,102.4,103.9,104.3,118.0,109.7,131.5,104.7,100.1,109.3,112.3,120.8,110.2,103.2,108.3,95.6,93.3,102.5,107.3,107.5,0.5,0.146198830409364,10.8
476,2020-09,22401.910900000003,22401.910900000003,19089.0945,26381.3306,2020-09,97.2,105.7,109.3,104.5,103.3,103.9,105.8,119.5,111.1,135.1,105.1,100.9,113.0,115.4,121.5,111.6,103.5,110.8,96.0,94.0,106.0,110.1,108.0,0.5,0.513950073421445,9.0
477,2020-10,21735.3076,21735.3076,19392.096,25512.7263,2020-10,100.3,105.7,111.0,104.5,103.8,103.9,108.5,121.8,112.1,137.9,105.1,101.9,113.0,117.1,121.7,112.8,103.7,110.7,96.5,94.4,106.3,112.3,108.0,0.5,0.65885797950221,8.8
478,2020-11,21048.5042,21048.5042,19816.2981,26199.5297,2020-11,101.1,107.1,112.2,104.5,105.6,103.9,108.5,123.9,114.8,141.3,106.7,102.0,113.4,118.9,122.0,112.9,103.7,111.2,97.2,95.1,107.0,112.6,108.8,0.5,0.953079178885618,8.6
479,2020-12,21351.5057,21351.5057,20846.503200000003,32077.758800000003,2020-12,101.4,107.0,112.2,104.5,107.1,103.9,108.5,125.0,115.8,143.0,108.4,102.6,114.8,118.9,122.9,113.2,104.0,111.0,96.9,95.2,109.0,112.4,108.8,0.5,0.73313782991202,8.6
480,2021-01,23573.5167,23573.5167,21331.3056,34764.3721,2021-01,101.3,111.3,112.2,104.4,110.5,103.9,109.0,124.9,115.8,145.6,111.0,103.9,120.9,119.2,125.5,115.5,106.5,112.9,97.0,95.5,109.1,112.5,110.2,0.5,1.02339181286549,9.5
481,2021-02,25007.7238,25007.7238,21614.107,33511.9659,2021-02,101.3,111.5,115.5,105.9,114.7,103.9,109.4,126.2,115.4,146.6,114.0,104.7,120.9,126.4,126.0,116.3,107.7,115.3,98.2,96.7,110.2,116.0,112.0,0.5,1.09170305676855,8.3
482,2021-03,23977.5187,23977.5187,22199.909900000002,34077.568699999996,2021-03,102.5,116.0,117.0,109.4,119.2,103.9,109.4,128.6,117.1,151.7,114.0,105.7,120.9,127.2,127.5,118.2,108.2,116.9,99.4,97.8,115.8,116.3,115.2,0.5,2.19619326500731,7.6
483,2021-04,24038.119,24038.119,23209.914900000003,36198.5792,2021-04,103.3,117.5,120.0,111.3,119.3,103.9,109.4,138.8,117.5,160.9,114.0,107.1,120.9,128.9,128.5,128.1,118.6,122.3,100.1,101.6,117.2,114.8,117.7,0.5,3.38983050847458,8.1
484,2021-05,23088.7143,23088.7143,24462.3211,40582.0009,2021-05,102.8,121.9,122.3,110.2,119.4,103.9,109.4,141.6,118.2,165.1,114.0,107.3,120.9,128.9,135.3,131.0,119.3,129.9,103.2,105.7,117.8,117.1,118.8,0.5,3.60029390154298,8.1
485,2021-06,23149.314599999998,23149.314599999998,26522.731300000003,42218.209,2021-06,103.5,121.9,122.3,110.8,119.4,105.2,110.7,143.0,119.1,167.8,114.0,107.5,120.9,132.8,136.5,133.0,119.3,133.0,104.0,111.0,118.1,118.0,120.5,0.5,3.06122448979593,7.8
486,2021-07,23088.7143,23088.7143,27472.136000000002,43430.215000000004,2021-07,103.6,123.8,122.3,112.2,119.4,105.2,110.7,144.9,119.2,168.8,121.0,107.8,120.9,132.8,136.6,133.2,121.4,133.7,105.1,110.8,119.7,118.3,121.9,0.5,3.71720116618076,7.5
487,2021-08,24038.119,24038.119,27431.735800000002,32926.163,2021-08,103.7,123.9,122.3,114.6,119.4,105.2,110.7,146.6,119.2,173.4,121.3,108.9,120.9,132.8,142.6,133.3,121.4,135.2,104.2,111.3,119.7,119.3,121.9,0.5,4.0875912408759,7.2
488,2021-09,22583.7118,22583.7118,26664.132,25411.7258,2021-09,103.1,123.8,122.3,114.6,121.5,105.2,110.7,149.7,119.2,174.2,124.6,108.9,120.9,132.8,142.6,136.9,120.6,135.5,103.8,111.3,121.4,120.7,121.9,0.5,4.3827611395179,6.7
489,2021-10,23916.918400000002,23916.918400000002,27169.1345,25088.5242,2021-10,103.1,123.8,122.3,114.7,121.8,106.2,110.7,150.2,119.0,175.1,123.8,110.6,120.9,132.8,146.4,137.1,120.5,138.6,103.5,111.6,126.3,122.0,122.5,0.5,4.65454545454545,6.5
490,2021-11,24724.922400000003,24724.922400000003,28118.5392,19654.6973,2021-11,104.7,123.8,122.3,114.7,122.4,106.2,110.7,151.9,120.1,175.6,124.2,112.2,120.9,134.0,151.3,138.8,121.7,139.7,103.2,112.2,126.3,123.3,122.5,0.5,4.72040668119099,6.1
491,2021-12,24240.12,24240.12,29492.146,23876.518200000002,2021-12,104.7,123.6,122.3,116.2,123.2,107.1,110.7,152.6,120.1,175.9,124.2,112.2,120.9,134.1,151.2,139.0,121.7,144.1,103.6,112.7,126.7,123.6,122.5,0.5,4.80349344978166,5.8
492,2022-01,24159.3196,24159.3196,30582.9514,27047.9339,2022-01,106.7,123.6,122.3,116.2,125.2,108.1,112.6,152.6,120.1,178.4,125.3,112.2,120.9,134.1,152.6,139.7,121.7,146.7,105.3,116.1,128.2,126.3,122.5,0.5,5.13748191027498,6.4
493,2022-02,23916.918400000002,23916.918400000002,31835.3576,29148.744300000002,2022-02,106.7,123.6,122.3,119.1,130.6,108.3,112.6,154.8,120.1,179.3,125.3,113.4,121.9,134.1,153.3,139.7,121.7,148.9,109.2,122.0,128.8,126.7,122.9,0.5,5.6875449964003,5.4
494,2022-03,23169.5147,23169.5147,33511.9659,39289.1945,2022-03,106.7,125.5,123.9,119.1,131.3,112.4,112.6,160.0,120.1,181.7,125.3,114.6,121.9,134.1,155.9,143.1,121.7,155.0,111.3,128.3,132.1,127.0,126.3,0.75,6.66189111747853,5.2
495,2022-04,23613.9169,23613.9169,34259.3696,38986.193,2022-04,106.7,125.5,123.9,121.1,131.3,113.1,112.6,159.2,120.1,185.0,125.3,114.6,121.9,134.1,155.9,144.1,121.7,156.9,112.0,131.1,132.1,127.2,126.3,1.25,6.77120456165361,5.1
496,2022-05,24765.3226,24765.3226,35289.5747,34420.9704,2022-05,106.7,125.5,127.5,121.1,132.6,113.1,112.6,161.1,120.5,187.4,125.3,114.6,121.9,134.1,156.1,147.4,122.3,158.6,113.5,133.4,132.1,127.2,128.3,1.25,7.73049645390073,5.0
497,2022-06,26017.728800000004,26017.728800000004,34845.1725,34198.7693,2022-06,107.4,126.9,127.5,121.1,133.3,113.1,112.6,160.9,120.5,188.9,125.3,114.6,121.9,134.1,156.1,149.0,122.5,158.6,113.6,133.6,132.1,127.2,128.3,1.75,8.13295615275813,5.1
498,2022-07,26502.531199999998,26502.531199999998,35531.975900000005,28684.142,2022-07,107.4,127.3,127.5,121.1,133.3,113.1,112.6,160.6,120.5,190.2,125.3,114.6,121.9,134.1,156.1,149.0,122.5,158.6,113.2,133.2,132.1,127.6,128.4,2.75,7.58959943780744,5.0
499,2022-08,25330.9254,25330.9254,34764.3721,28704.342099999998,,,,,,,,,,,,,,,,,,,,,,,,,,,
500,2022-09,24462.3211,24462.3211,29936.548199999997,27128.734300000004,,,,,,,,,,,,,,,,,,,,,,,,,,,
